tract_geoid,pop20,land_area_sqmi
36005000100,3772,0.6475744014129857
36005000200,4779,0.1748394126797748
36005000400,6272,0.2975646865035222
36005001600,5795,0.1872896628857497
36005001901,2292,0.0791536452265798
36005001902,1613,0.181368014079416
36005001903,2,0.3508660894972217
36005001904,0,0.0316908790751166
36005002001,5007,0.0769879982190342
36005002002,4584,0.0791092434783416
36005002300,4742,0.0404036603859158
36005002400,6,0.2669684070480154
36005002500,5442,0.0492249364032794
36005002701,3080,0.0314997585066133
36005002702,4995,0.060023827676954
36005002800,5853,0.1600733217265619
36005003100,2964,0.0597311622407409
36005003300,3689,0.0588361774371234
36005003500,3726,0.0548284370309329
36005003700,340,0.0640825335680788
36005003800,1683,0.0244777185482909
36005003900,6345,0.083479147709292
36005004001,1739,0.0475465503198777
36005004100,6146,0.0713254239611161
36005004200,7201,0.1866247949686533
36005004300,5883,0.0870254960359644
36005004400,4642,0.1025406251768468
36005004600,1976,0.0522554522460722
36005004800,4184,0.0582373329891464
36005005001,4960,0.0377951542024646
36005005002,6518,0.0439774219658483
36005005100,6459,0.1970839163427665
36005005200,2130,0.0705366172511116
36005005300,4371,0.0278178883222749
36005005400,6804,0.0758752517979706
36005005600,2863,0.0525824807744001
36005005902,2577,0.027161128550509
36005006000,1262,0.1299191292426435
36005006100,3444,0.0937398125738886
36005006200,6769,0.0749053631755861
36005006301,6567,0.3019959809776887
36005006302,19,0.1015201571716867
36005006400,4186,0.0645504893842929
36005006500,6251,0.1010857922432701
36005006700,6893,0.0820192954476536
36005006800,3419,0.059604134630564
36005006900,6964,0.0725787115679075
36005007000,5021,0.079108857376183
36005007100,2789,0.1020321286339804
36005007200,6291,0.0822590648881395
36005007300,4205,0.0541164646504883
36005007400,3536,0.072263652206496
36005007500,6749,0.08788534554315
36005007600,5682,0.0838679525829946
36005007700,1974,0.0435585011237754
36005007800,7037,0.1204171551196812
36005007900,6826,0.0764227446588548
36005008300,6122,0.0825996069920182
36005008400,2587,0.0605365713435649
36005008500,5894,0.0701377737212855
36005008600,4145,0.0724551588771579
36005008700,5976,0.082461382419242
36005008900,3118,0.0425835931733292
36005009000,3911,0.395630001560123
36005009200,6271,0.1198750676890173
36005009301,5551,0.220374756855544
36005009302,512,0.6808649017311512
36005009600,2946,0.2716043356662359
36005009800,5903,0.1997885619637072
36005011000,0,0.7989017370431095
36005011502,4396,0.1298442254238765
36005011701,1554,0.085594987538379
36005011702,0,0.438919775581518
36005011800,5324,0.3821160399072257
36005011900,5703,0.0644786743827947
36005012101,3319,0.0446392010656759
36005012102,1616,0.0191672694590092
36005012300,4766,0.1171152094593978
36005012500,4139,0.0654983701836376
36005012701,2184,0.0419762544778632
36005012901,4923,0.060376338947749
36005013000,1198,0.0448434491075713
36005013100,5390,0.089176857263642
36005013200,6652,0.2333091791683939
36005013300,6064,0.0622280849003588
36005013500,4001,0.0646338874505489
36005013800,3060,0.295504831487431
36005014100,7344,0.0684037889270464
36005014300,1898,0.0500816970931963
36005014400,6046,0.1549246494417304
36005014500,7055,0.0702331409544579
36005014701,6361,0.0534608631851981
36005014702,5081,0.0449059976572633
36005014900,4723,0.0602284618210081
36005015100,5957,0.0806694823012141
36005015200,2593,0.1097727047094436
36005015300,4258,0.0914428908324216
36005015500,2891,0.0443944122971282
36005015700,5542,0.123170063510446
36005015800,1442,0.0626165036719029
36005015900,2481,0.0400005697323452
36005016000,4003,0.19092713132185
36005016100,5243,0.0923266786734399
36005016200,1908,0.069747810541107
36005016300,34,0.2262639730805559
36005016400,1221,0.0635439210568422
36005016500,1097,0.0760011211016717
36005016600,2625,0.1103051395861427
36005016700,3373,0.0794741100182116
36005016900,1586,0.0358742959634668
36005017100,10,0.0674088036643535
36005017300,6395,0.063812262057064
36005017500,6988,0.0585303845275181
36005017701,4754,0.041170073170722
36005017702,4979,0.0544041107586397
36005017901,5124,0.029622915913695
36005017902,3447,0.0299399057858995
36005018101,3299,0.0298171252994671
36005018102,5510,0.0372129121473071
36005018301,4423,0.0262062979123097
36005018302,3686,0.0433538669797213
36005018400,4329,0.1727467389802033
36005018501,3076,0.0710740714558724
36005018502,6442,0.0878776234999781
36005018900,8360,0.1372863445307476
36005019300,6020,0.093161431540317
36005019400,2022,0.3243806397242496
36005019500,7509,0.0848822429536172
36005019700,7213,0.0571770964616513
36005019900,7909,0.0683740590608348
36005020000,5235,0.1320063975119947
36005020100,4345,0.1088070632108037
36005020200,2789,0.04819056872041
36005020400,3129,0.051845411753647
36005020501,7859,0.1042997066113944
36005020502,2462,0.0392847363303146
36005020601,3277,0.0585141682368572
36005020900,4823,0.0511457946422773
36005021001,8946,0.0742883719261553
36005021002,7855,0.0664300346923214
36005021100,5822,0.058558956087254
36005021200,6596,0.0390036539588593
36005021301,1264,0.0239587972471425
36005021302,5830,0.065353967976324
36005021501,4078,0.0355036378912179
36005021502,6360,0.0601265308511397
36005021601,4701,0.0633389008106296
36005021602,6237,0.0638968184297958
36005021700,5006,0.0623593596342803
36005021800,6610,0.1157877902381567
36005021900,1176,0.0551890564470583
36005022000,2511,0.0882668144758394
36005022101,4001,0.0263008929411648
36005022102,5457,0.0302290963026853
36005022200,3968,0.0854015503569242
36005022300,5063,0.0358167667418365
36005022401,2787,0.0328391468947708
36005022403,3275,0.048204854500278
36005022404,4489,0.0357993921446998
36005022500,8141,0.0695068827941453
36005022701,5669,0.0452484702719349
36005022702,1634,0.0182904314568455
36005022703,1699,0.0149267094511874
36005022800,6336,0.0664856334031587
36005022901,5766,0.0470631504173198
36005022902,3401,0.0353673438292348
36005023000,3001,0.061538120342954
36005023100,1464,0.0452291651640053
36005023200,3000,0.0550990946441063
36005023301,4577,0.045989400314274
36005023302,3574,0.024161114778245
36005023501,3570,0.0263321672160108
36005023502,4417,0.0371584717429455
36005023600,2204,0.0355484257416147
36005023702,1179,0.0184912045793136
36005023703,5086,0.0388391744392988
36005023704,3970,0.0260487682316039
36005023800,2750,0.1310994435414608
36005023900,8213,0.0689142159807058
36005024000,4583,0.0925791894851594
36005024100,6331,0.0519929027782293
36005024300,5577,0.0580821199213922
36005024400,2407,0.067845099103563
36005024501,5059,0.0436542544591063
36005024502,3797,0.0386696755916767
36005024600,2297,0.0588558686472116
36005024700,1921,0.0584844383706456
36005024800,3620,0.10730203699661
36005024900,4,0.0672562933117094
36005025000,2672,0.0701590093400081
36005025100,6924,0.0808219926538581
36005025200,2682,0.0736366314824511
36005025300,6234,0.0480538885562683
36005025400,2163,0.0656080231966779
36005025500,8092,0.0651107236164107
36005025600,1908,0.0730825748848708
36005025700,1809,0.0611975782390753
36005026100,2060,0.0683396959687201
36005026300,6788,0.0613029841283711
36005026400,5693,0.1646764316613021
36005026500,7166,0.0780455320314192
36005026601,3328,0.065733892500379
36005026602,6409,0.1171422366104993
36005026701,3983,0.0266893117127089
36005026702,7022,0.0642350439207228
36005026900,4126,0.1474914106845069
36005027300,7939,0.078440900641818
36005027401,5136,0.2707024010237638
36005027402,3553,0.1974020645214468
36005027600,23,0.709654223084445
36005027700,4968,0.0679613158532994
36005027900,8145,0.1066919955860338
36005028100,3720,0.0498681825994946
36005028300,2084,0.0878158471546033
36005028400,297,0.4342456228495968
36005028500,3440,0.1017989229301906
36005028600,1395,0.0772273815573616
36005028700,3953,0.0599624374337378
36005028800,3055,0.1298044569015415
36005028900,4736,0.0776621325879368
36005029301,1954,0.1107306241649117
36005029302,5248,0.1641849236134138
36005029500,4615,0.0913008052380595
36005029600,2878,0.2792727106380422
36005029700,4005,0.0898575553692406
36005030000,6591,0.1605018951225996
36005030100,1627,0.0563709151545101
36005030201,4048,0.0855586939354713
36005030202,6063,0.0706234902367949
36005030701,5799,0.1531798537870508
36005030900,3947,0.5273587916200897
36005031000,4372,0.2468907086990449
36005031200,1555,0.0780161882673662
36005031400,2071,0.0815424592817918
36005031600,2071,0.0684057194378394
36005031800,1961,0.0688674976195161
36005031900,454,0.0823053971471707
36005032300,5001,0.2166731954611174
36005032400,3113,0.1032649528263664
36005032600,3494,0.1282229824599465
36005032800,4133,0.0790254593099271
36005033000,5837,0.0795868518485206
36005033201,4103,0.0440287735529411
36005033202,4204,0.0444805130784944
36005033400,69,1.184409298311412
36005033500,2440,0.2689448639978505
36005033601,4306,0.0494210762998444
36005033602,1555,0.021774231233826
36005033700,3838,0.1638100184174204
36005033801,2337,0.0441627510019727
36005033802,1737,0.0181464153516905
36005034000,4858,0.0611369602001763
36005034200,1732,0.0605489266126399
36005034300,1706,0.0469094817582
36005034400,1930,0.0606226721249311
36005034500,3754,0.1060340775077921
36005034800,6640,0.1689073391151591
36005035000,2284,0.0739872122424531
36005035100,3539,0.2241199477938916
36005035600,2261,0.156124654950636
36005035800,7542,0.2515343593604374
36005035900,3731,0.0518654890658938
36005036000,3024,0.1027711281655266
36005036100,5569,0.0636427632094419
36005036300,7074,0.0855085006548543
36005036400,2603,0.0786424459686033
36005036501,3897,0.0369990115514468
36005036502,2449,0.0377063507059883
36005036700,2672,0.035931825185097
36005036800,2165,0.0654558989461924
36005036901,1910,0.0381206383221581
36005036902,2324,0.0240950913091257
36005037000,2536,0.0613458414679749
36005037100,4504,0.07651733968771
36005037200,2289,0.0720196356422655
36005037300,6117,0.0669705777143509
36005037400,3890,0.0645060876360548
36005037504,4023,0.0925560233556439
36005037600,2274,0.0481720358167976
36005037800,3569,0.0509079557125843
36005037900,6878,0.0738733121056683
36005038000,4938,0.0824656295429866
36005038100,6853,0.0584975658440378
36005038200,2852,0.0606829040616715
36005038301,4635,0.0365939903870832
36005038303,3468,0.0294611391092447
36005038304,2508,0.026789698273943
36005038500,5362,0.0729524584574251
36005038600,7949,0.1580281385924972
36005038700,3401,0.0700767695802279
36005038800,2941,0.0573975607942076
36005038900,4819,0.0657705722054453
36005039000,3323,0.0701339126996996
36005039100,7210,0.079430094372132
36005039200,1809,0.0371175449141347
36005039300,8033,0.0701624842594354
36005039400,4647,0.0560693693686493
36005039500,4254,0.158070995932101
36005039600,4485,0.0861876543518186
36005039700,4492,0.202800158800729
36005039800,3347,0.0779370373248547
36005039901,5254,0.0585539367591923
36005039902,5548,0.0468724159509751
36005040100,5009,0.0658030047867671
36005040302,4197,0.0242070609351175
36005040303,4843,0.0338032439847764
36005040304,4125,0.0260059108920001
36005040400,3530,0.0831235476212282
36005040501,4385,0.0319924248609774
36005040502,7320,0.054524188529962
36005040600,3792,0.086227036771995
36005040701,3235,0.0224854314099534
36005040702,6968,0.0703339136178505
36005040800,4475,0.0478820730956946
36005040900,3580,0.3188057106563319
36005041100,3215,0.0469542696085967
36005041300,7781,0.0669338980092846
36005041400,5342,0.2024592305946918
36005041500,5872,0.0524550670620646
36005041800,3752,0.1038116734829334
36005041900,7205,0.1258330100982587
36005042000,3905,0.0581072165617007
36005042100,6135,0.0950514016066274
36005042200,3211,0.0674493443910057
36005042300,4179,0.0696435629582871
36005042400,2553,0.0676014686414911
36005042500,7667,0.1134437640333414
36005042600,6982,0.1959765753519231
36005042800,2230,0.0653280991316983
36005042901,3711,0.0394812623290382
36005042902,4334,0.0365159977510475
36005043000,2952,0.0795999793219128
36005043101,5185,0.0397642752112865
36005043102,5050,0.0430843676730238
36005043400,3649,0.1354612396270807
36005043501,1192,0.1536848754104898
36005043502,2,0.6394504258940401
36005043503,122,1.7994688786428443
36005043600,2061,0.059756644983208
36005044200,3877,0.0933722433189085
36005044400,3984,0.1409523845265838
36005044800,2007,0.0648995257356606
36005044901,1946,0.0610562648490305
36005044902,2229,0.060501436047133
36005045101,1817,0.0679551382187619
36005045102,2142,0.0795366585679036
36005045600,3056,0.3127199684325964
36005045800,5662,0.0925417375757759
36005046000,2890,0.1111256066731518
36005046203,6599,0.2988067771477144
36005046204,5552,0.0527851844076612
36005046205,4445,0.3376644844906257
36005046206,4434,0.0267804318221368
36005046207,6228,0.0726524570801987
36005046208,5155,0.1872873462727981
36005046209,3707,0.1784502400669322
36005048401,3888,0.1949008947380843
36005048402,41,0.0733327690836387
36005050400,5,2.79674681595353
36005051601,4445,0.4136517059145881
36005051602,0,0.1812672414160233
36047000100,4616,0.080239364496542
36047000200,1205,0.1069228846768721
36047000301,3850,0.0776046033663065
36047000501,4404,0.0323260171260014
36047000502,2640,0.0373743028495988
36047000700,4415,0.0682528229830367
36047000900,5167,0.0631157337629631
36047001100,1578,0.0650609164379523
36047001300,2465,0.1131924115280977
36047001501,5161,0.063799906787989
36047001502,5801,0.0548828774352944
36047001801,2563,0.1795189708419163
36047001802,6,0.2309141874786444
36047001803,16,0.2372138302982402
36047001804,0,0.132345395207239
36047002000,1694,0.0595130145211361
36047002100,5975,0.2042306672983143
36047002200,4589,0.1312924946207571
36047002300,3940,0.0703532187257801
36047002901,3149,0.0421859079499789
36047003000,1811,0.0425438246509942
36047003101,3395,0.0578697637341663
36047003102,0,0.0526245659096867
36047003300,4807,0.0635466237719523
36047003400,3489,0.1843247844099176
36047003500,2402,0.0513623979532477
36047003600,3959,0.0483751255522173
36047003700,4565,0.0642659320934102
36047003800,1529,0.0492195309730591
36047003900,2644,0.0605883090328163
36047004100,3398,0.062552024611418
36047004300,3810,0.0638547332945092
36047004400,2448,0.1619632917928723
36047004500,3476,0.0658454760242123
36047004600,1154,0.1116198174361503
36047004700,1951,0.1096379550560948
36047004900,2412,0.0376569296296885
36047005000,2535,0.0864837947074591
36047005100,2658,0.0693833301033957
36047005201,1879,0.0516133643563328
36047005202,2668,0.0514566068799443
36047005301,2164,0.2221905953074047
36047005302,86,0.3008152805767127
36047005303,0,0.1147947354862567
36047005400,3426,0.0625118699869243
36047005601,2692,0.066966716692765
36047005602,1734,0.0521454131308734
36047005800,3450,0.0746397248904745
36047005900,1742,0.1371292009522005
36047006000,2876,0.0587879146672993
36047006200,2958,0.0626539555812864
36047006300,2007,0.0398272098631371
36047006400,3623,0.0784466921741968
36047006500,5461,0.0965209064222306
36047006600,3974,0.0593593458620163
36047006700,3618,0.0602856049404798
36047006800,5491,0.0716254253383425
36047006901,1631,0.0287391280726767
36047006902,1962,0.0404036603859158
36047007000,2454,0.0576052837555304
36047007100,4362,0.0646836946290073
36047007200,2082,0.0241275238904475
36047007400,5829,0.0545512156810635
36047007500,4691,0.1091827406111142
36047007600,4872,0.0534118282110569
36047007700,5690,0.1503566748034221
36047007800,5333,0.0533261135318493
36047008000,4024,0.0537126017926005
36047008200,4008,0.0539349966359498
36047008400,3311,0.0941741775023052
36047008500,6673,0.0940452193813353
36047008600,0,0.0438391973930722
36047008800,3258,0.0731157796705097
36047009001,1886,0.0287827576165977
36047009002,1391,0.0285507102192835
36047009201,2087,0.0218506794612273
36047009202,3424,0.0218626486281437
36047009401,3127,0.0291441492370403
36047009402,3168,0.0291673153665558
36047009600,6462,0.0582056726121418
36047009800,7440,0.0583037425604243
36047010000,7741,0.058289842882715
36047010100,4590,0.1215179323738285
36047010200,6578,0.0588612740774319
36047010401,3015,0.0293985905595528
36047010402,2965,0.0294094014199933
36047010601,3037,0.0291252302312692
36047010602,2820,0.0291499407694192
36047010801,2876,0.0291468519521504
36047010802,2840,0.0291464658499918
36047011000,2709,0.0610265349828189
36047011200,6636,0.0661443190949629
36047011400,4150,0.0647848533945586
36047011600,5529,0.0618790485489912
36047011700,2672,0.077681823798025
36047011800,2578,0.0846467206368758
36047011901,1589,0.1731378604668575
36047011902,0,0.0794876235937623
36047012000,1176,0.0746497635465979
36047012100,1916,0.0571647411925763
36047012200,5521,0.0701397042320785
36047012600,3085,0.0911131595889836
36047012700,4036,0.0630856177945928
36047012801,2567,0.0443917095820181
36047012901,2333,0.049640382325925
36047012902,3318,0.0522705102302573
36047013000,5347,0.0681207760447981
36047013100,3979,0.0603844470930795
36047013200,2870,0.0601462220612279
36047013300,4411,0.0573330817337227
36047013400,4212,0.1035653403057514
36047013500,3799,0.0586361765189725
36047013600,4079,0.0827231596827678
36047013700,3406,0.0588624323839077
36047013800,3247,0.0627721028418157
36047013900,3727,0.0584292257619669
36047014000,2136,0.0569585626398879
36047014101,1621,0.0292870070357195
36047014102,1858,0.0346063364746489
36047014200,3434,0.0773065324998731
36047014300,3705,0.0838633193570915
36047014500,4404,0.0836397662072664
36047014700,2242,0.0409187206654782
36047014800,1244,0.0515288079836011
36047014901,1529,0.0289472371361581
36047014902,3601,0.0675130512471735
36047015000,1791,0.0515465686828963
36047015100,3696,0.0576492994016099
36047015200,2545,0.1035275022942093
36047015300,2633,0.0580994945185288
36047015400,9,0.3563491262513942
36047015500,3466,0.0577782575225799
36047015700,4447,0.0646443122088309
36047015900,5206,0.0968583597088405
36047016000,4462,0.0998576012767873
36047016100,3450,0.0704238754208026
36047016200,2218,0.0917811163233486
36047016300,4088,0.0710783185796169
36047016400,775,0.3097168658430637
36047016500,5080,0.0720640373905037
36047016600,1968,0.1030622491931053
36047016700,4754,0.065218446118658
36047016800,1695,0.0649794488824892
36047016900,4459,0.0808737303431095
36047017000,3604,0.0807134979472936
36047017100,3717,0.0804984390449576
36047017200,3300,0.079659439054336
36047017400,1950,0.063916509639884
36047017500,5,0.7572996155569224
36047017600,2418,0.051597148065672
36047017700,15,0.893072825728146
36047017800,2959,0.0633284760523476
36047017900,3895,0.0611157245814537
36047018000,3125,0.0679956789454141
36047018100,4204,0.065395667009452
36047018200,3745,0.0638856214671966
36047018300,2784,0.0530160734984995
36047018400,2460,0.057582889830332
36047018501,4461,0.0428947915131548
36047018600,2364,0.0436503934375204
36047018700,1336,0.0331152099381645
36047018800,2955,0.0676501175134738
36047019000,4853,0.0822142770377428
36047019100,3427,0.0979915695443096
36047019200,3541,0.0732783286792772
36047019300,6279,0.1041441074414816
36047019400,3570,0.0688883471360801
36047019500,3684,0.0529068065876178
36047019600,4691,0.072706125280243
36047019700,3585,0.0655674824700257
36047019800,2061,0.0520137522947933
36047019900,3978,0.0729401031883501
36047020000,2442,0.052068964903472
36047020100,3862,0.0677142104718002
36047020200,2147,0.0520573818387143
36047020300,2132,0.0543817168334413
36047020400,2040,0.0520469570804323
36047020500,3405,0.0616647618509723
36047020600,2505,0.0660010751941251
36047020700,4871,0.0532403988526418
36047020800,3782,0.0553326864500547
36047021000,4488,0.0579238180363692
36047021100,2505,0.1049541497702088
36047021200,5278,0.0736810332306892
36047021300,3880,0.0711030291177668
36047021400,2502,0.0648516490679951
36047021500,5569,0.0588083780817047
36047021600,4280,0.0649338888277753
36047021700,4351,0.0462094785446717
36047021800,4191,0.0609346426690738
36047021900,4225,0.0567732336037635
36047022000,5660,0.0750115412691991
36047022100,3897,0.0587184162787527
36047022200,5633,0.0680250227094672
36047022400,6117,0.0677856393711398
36047022600,2664,0.0603018212311407
36047022700,4515,0.0929317007559544
36047022800,3638,0.0646234626922669
36047022900,3923,0.066347022728224
36047023000,4442,0.0582786459201158
36047023100,3832,0.0615500895098703
36047023200,6382,0.0874042622535437
36047023300,5961,0.066347022728224
36047023400,5923,0.0655539688944749
36047023500,5921,0.0546620270005795
36047023600,6548,0.0655802238412592
36047023800,5414,0.0655925791103342
36047024000,5165,0.0655412275232414
36047024100,3175,0.0695814005107537
36047024200,3289,0.0739204165690166
36047024300,4347,0.0595944820765991
36047024400,3651,0.0599531709819316
36047024500,4257,0.0644207590590058
36047024600,3436,0.0667493411774774
36047024700,2820,0.0693983880875808
36047024800,2647,0.0679651768748853
36047024900,4264,0.0650566693142077
36047025000,1748,0.0669910411287563
36047025100,4209,0.0534709018413215
36047025200,5300,0.0699906687988617
36047025300,3517,0.0624825262228713
36047025400,3650,0.0677578400157211
36047025500,4799,0.0535261144500003
36047025600,3366,0.0669033959387558
36047025700,2822,0.0699327534750729
36047025800,5073,0.0657230816399385
36047025901,2328,0.0309727290601345
36047025902,3560,0.0230159357758596
36047026000,3656,0.0628821419570146
36047026100,6479,0.0769945619557303
36047026200,2726,0.0609497006532589
36047026300,2088,0.0461793625763015
36047026400,5103,0.0731497566604659
36047026500,4385,0.0616249933286373
36047026600,3961,0.0640531898040257
36047026700,4228,0.0616076187315006
36047026800,4686,0.0690999311189888
36047026900,3005,0.0517168397348357
36047027000,2719,0.0517388475578754
36047027100,3493,0.0947313229171542
36047027200,3633,0.0510222419515277
36047027300,3131,0.0578014236520954
36047027400,3272,0.0630751930363108
36047027500,4071,0.0625782795582023
36047027600,3886,0.0576821180850903
36047027700,4351,0.0625902487251186
36047027800,3542,0.0619585855936612
36047027900,3674,0.0625192059279376
36047028000,1862,0.0539473519050247
36047028100,4800,0.0625246113581579
36047028200,3282,0.0654014585418309
36047028300,3933,0.0470565866806238
36047028400,4396,0.063419982263934
36047028501,636,0.0321306494337535
36047028502,2658,0.0462778186267426
36047028600,6094,0.0681925910462963
36047028700,3103,0.0574562483223137
36047028800,3900,0.058999498650208
36047028900,3933,0.0639921856629681
36047029000,4377,0.0597346371601682
36047029100,3042,0.0635694037993093
36047029200,2781,0.0793470824080346
36047029300,3402,0.0634983610021283
36047029400,2298,0.072843577648702
36047029500,3851,0.0635470098741109
36047029600,5993,0.0826721941978336
36047029700,3921,0.07936754582244
36047029800,3955,0.0852617813755137
36047029900,2496,0.0549106767907131
36047030000,4224,0.0753096121356325
36047030100,2970,0.0750717732059395
36047030200,4391,0.0815436175882676
36047030300,4952,0.0979089436823708
36047030400,4686,0.1796440679413003
36047030500,7249,0.12452412378063
36047030600,2215,0.0747806521783607
36047030700,5625,0.1030730600535459
36047030800,2314,0.2631591231513414
36047030900,2209,0.0586346321103381
36047031100,3191,0.058951235880384
36047031300,5109,0.0672972201405202
36047031401,5142,0.1738212612875663
36047031402,0,0.1488284824597129
36047031500,5613,0.0695721340589474
36047031701,3999,0.0539543017438794
36047031702,3714,0.0539724485453332
36047031900,3452,0.0584350172943458
36047032100,5488,0.0618130250798718
36047032300,3509,0.0668134341358038
36047032500,6218,0.0650250089372032
36047032600,7075,0.1270994251784422
36047032700,3074,0.0683709702435661
36047032800,3090,0.0898984821980514
36047032900,5707,0.0603933274427271
36047033000,4423,0.1436856017072603
36047033100,4217,0.055006430126044
36047033300,4503,0.0719447318234986
36047033500,3231,0.0697617102188164
36047033600,4765,0.2657290191189333
36047033701,2510,0.0380974721926426
36047033702,2116,0.0381912950171806
36047033900,4676,0.0697837180418562
36047034000,1958,0.0500751333565002
36047034100,2685,0.0539654987064786
36047034200,7060,0.0887876662877807
36047034300,5024,0.0626087816287311
36047034500,2738,0.0631636104306285
36047034700,3645,0.0539685875237473
36047034800,2828,0.2288570351776634
36047034901,2067,0.0270105487086579
36047034902,3347,0.0360063429017054
36047035000,3082,0.0766686917338782
36047035101,2243,0.0269842937618736
36047035102,2626,0.035952674701661
36047035200,1367,0.3825075474960385
36047035301,2566,0.0269951046223142
36047035302,2811,0.0359789296484453
36047035400,5493,0.1459763458141898
36047035500,5192,0.0534388553621584
36047035601,2902,0.0262124755468472
36047035602,5474,0.0659342795206886
36047035701,2322,0.0269534055891862
36047035702,15,0.0425696934956199
36047035900,5617,0.0708787037636246
36047036001,3387,0.0366067317583168
36047036002,4203,0.0332171409080329
36047036100,2964,0.0544751535558207
36047036200,4140,0.0660659403567686
36047036300,5385,0.1002807692426047
36047036400,3006,0.0553091342183806
36047036501,2959,0.0487820772273738
36047036502,1902,0.0471260850691704
36047036600,4681,0.0904031177193319
36047036700,1796,0.0706443397533589
36047036900,6136,0.087543259030637
36047037000,4750,0.1298202870900438
36047037100,4503,0.0731072854230207
36047037300,4385,0.0659497236070323
36047037401,4696,0.0870745310101056
36047037402,5367,0.1164090286113321
36047037500,3809,0.0613164977039219
36047037700,3970,0.0734374027686173
36047037900,3851,0.0709501326629642
36047038100,5313,0.0924807334347183
36047038200,5882,0.090128212982414
36047038300,4338,0.0673898846585824
36047038500,3969,0.0673528188513575
36047038600,3812,0.0969842290125416
36047038700,4908,0.0726933839090095
36047038800,4047,0.0764223585566962
36047038900,3570,0.0629076246994817
36047039000,2321,0.0671238602713122
36047039100,5776,0.0641597539997973
36047039200,2908,0.0674142090945738
36047039300,4141,0.0732061275756204
36047039400,2187,0.0741698385634673
36047039500,4030,0.0616682367703997
36047039600,1948,0.0630508686003195
36047039700,3868,0.0614570388896495
36047039800,2841,0.0783409001827425
36047039900,4378,0.0583956348741693
36047040000,3281,0.0741316144497667
36047040100,3778,0.0616153407746725
36047040200,3025,0.076258651241453
36047040300,3892,0.0811876313980453
36047040400,2812,0.0593284576893289
36047040500,1829,0.053666655635728
36047040600,3599,0.0567759363188736
36047040700,6,0.1949174971309038
36047040800,3933,0.0590466031135563
36047040900,3800,0.0665292629470797
36047041000,2136,0.055162801500274
36047041100,3332,0.0520778452531197
36047041200,3375,0.063831181062835
36047041300,3951,0.0626122565481584
36047041401,1480,0.0521712819754991
36047041402,1855,0.0596118566737358
36047041500,4032,0.0628157323857367
36047041600,2112,0.0627659252072782
36047041700,3348,0.0544952308680675
36047041800,2645,0.0634431483934495
36047041900,3880,0.0590786495927195
36047042000,1912,0.065116129046631
36047042100,4866,0.0592157158590199
36047042200,3663,0.0877521402984355
36047042300,4566,0.0703597824624762
36047042400,4175,0.0621759611089488
36047042500,3026,0.0648060890132812
36047042600,4350,0.0656400696758411
36047042700,4920,0.0572454365437222
36047042800,4290,0.0635917977245077
36047042900,5556,0.0649169003327972
36047043000,3842,0.0617887006438805
36047043100,4884,0.0649450857903745
36047043200,4514,0.0574593371395824
36047043300,3843,0.064959757672401
36047043400,3866,0.0539222552647162
36047043500,4709,0.064926552886762
36047043600,4694,0.053097154951804
36047043700,5282,0.0649141976176871
36047043800,2905,0.0602601221980127
36047043900,4097,0.0772215900249827
36047044000,2878,0.0778154151448981
36047044100,5526,0.0548342285633118
36047044200,2631,0.0705918298597903
36047044300,5195,0.064775973044911
36047044400,3260,0.0673918151693754
36047044500,4207,0.0655365942973383
36047044600,2026,0.0547276643675402
36047044700,2459,0.062860906338292
36047044800,1965,0.0866926759752576
36047044901,2694,0.1490489467922692
36047044902,44,0.6782660481016649
36047045000,645,0.0850845604847197
36047045200,2618,0.0719370097803267
36047045300,1886,0.1233708366329141
36047045400,2036,0.0510859488076954
36047045600,2767,0.0593261410763773
36047045800,1558,0.0692632523320734
36047046000,3828,0.0757022780309211
36047046201,2700,0.0495426984798011
36047046202,1891,0.0667354414997681
36047046400,2732,0.0633269316437132
36047046800,2138,0.1142545785663857
36047047000,2823,0.0701995500666603
36047047200,3099,0.0667199974134244
36047047400,3232,0.0679045588359863
36047047600,4054,0.0799903286042498
36047047700,4226,0.0840953667544056
36047047800,5308,0.0854146778303163
36047048000,3824,0.0591346344057154
36047048100,3105,0.0584191871058435
36047048200,6122,0.0759366420411868
36047048400,5922,0.0807706410667653
36047048500,2470,0.2245319187971098
36047048600,3597,0.0677362182948399
36047048800,4536,0.055340022391068
36047048900,3757,0.0353596217860629
36047049000,6036,0.0740540079158896
36047049100,6366,0.0823030805342191
36047049200,3366,0.064338133197067
36047049301,1897,0.0261854483957457
36047049302,5476,0.061848932580621
36047049400,5527,0.0705524474396139
36047049500,3114,0.049846946980772
36047049600,4646,0.078367927333844
36047049700,3141,0.0635655427777234
36047049800,4517,0.0788988178019087
36047049900,2147,0.0547102897704036
36047050001,2062,0.0540736073108845
36047050002,1607,0.024006673914808
36047050100,2951,0.0666748234608691
36047050202,2312,0.0524083487008749
36047050300,2759,0.0483813031867547
36047050401,2997,0.0559732299311598
36047050402,2004,0.0325634699535358
36047050500,4567,0.0654103388914785
36047050600,5612,0.0635852339878116
36047050700,3545,0.0673474134211372
36047050801,4311,0.0302086328882799
36047050803,2548,0.0216545395646623
36047050804,6196,0.0398082908573661
36047050900,5112,0.0547446528625183
36047051001,3740,0.0297074722864268
36047051002,4600,0.0413387998140269
36047051100,4545,0.0613917876248474
36047051200,5946,0.0540512133856861
36047051300,5526,0.0996529671327332
36047051400,7023,0.0699161510822534
36047051500,2451,0.072171759892751
36047051601,5407,0.0447596649391568
36047051602,3874,0.035187034121172
36047051700,2636,0.0723428031490075
36047051800,3528,0.0777347197937522
36047051900,6101,0.1061529969726386
36047052000,4175,0.0735787161586622
36047052300,5405,0.0559689828074152
36047052500,3720,0.0479322663763116
36047052600,4353,0.0653802229231083
36047052700,6045,0.0733601823368988
36047052800,1804,0.0677976085380561
36047052900,4299,0.0675319702529445
36047053000,3606,0.0668906545675223
36047053101,2997,0.0304375914683253
36047053102,5890,0.0320248574422992
36047053200,2510,0.0672999228556304
36047053300,7115,0.0745760180343067
36047053400,4777,0.0669431644610909
36047053500,4469,0.0503338218027572
36047053700,4304,0.0646543508649543
36047053800,5535,0.0634948860827009
36047053900,2668,0.0391434229402698
36047054200,4750,0.0730385592387912
36047054300,5,0.3688565195768408
36047054400,3785,0.0733617267455332
36047054500,7304,0.0647752008405938
36047054600,5409,0.0697566908907547
36047054700,7855,0.0656740466657972
36047054800,2189,0.0668798437070817
36047054900,4748,0.0754605780796422
36047055000,3956,0.069426573545158
36047055100,6343,0.0894158544998108
36047055200,3735,0.0647373628290517
36047055300,3078,0.060336570425414
36047055400,4813,0.0653674815518747
36047055500,8688,0.10103096573675
36047055600,3880,0.0745933926314433
36047055700,1848,0.109071157087281
36047055800,2736,0.0662647829684438
36047056000,3882,0.071333146004288
36047056100,3460,0.1307033027267449
36047056200,1695,0.0659516541178252
36047056301,4923,0.0693107428975803
36047056302,2002,0.073657480999015
36047056400,2626,0.0707420235994828
36047056500,3738,0.0918780279651554
36047056600,2548,0.0662281032633775
36047056800,1310,0.0454893980188967
36047056900,1624,0.0494033156005492
36047057000,3534,0.1013023955542406
36047057100,4267,0.0679026283251933
36047057200,5221,0.0940652966935821
36047057300,2590,0.0656921934672511
36047057400,2560,0.0614690080565659
36047057500,4902,0.0700408620794788
36047057600,2912,0.061237732863569
36047057800,3332,0.066499533080868
36047057901,1416,0.0949158797489614
36047057902,0,0.1943182665807682
36047058000,3502,0.0612516325412783
36047058200,3044,0.0623686260860865
36047058400,3797,0.0726740788010799
36047058600,2655,0.0630983591658264
36047058800,3532,0.0616261516351131
36047058901,1781,0.0778482338283784
36047058902,0,0.0858687339688211
36047059000,2014,0.0611520181843614
36047059100,3856,0.0741721551764189
36047059200,4268,0.0846745199922944
36047059300,2274,0.0725790976700661
36047059402,5105,0.1245090657964449
36047059403,3779,0.0798146521220902
36047059404,4426,0.0825868656207846
36047059600,2569,0.0668281060178303
36047059800,3617,0.0769177276261704
36047060000,6844,0.1698529033015522
36047060600,3178,0.069213445153615
36047060800,4015,0.1548883558388227
36047061002,5064,0.0877490514811668
36047061003,2418,0.0309549683608393
36047061004,6669,0.0866776179910725
36047061200,1063,0.0765393475107497
36047061600,1854,0.280343758025978
36047062000,1767,0.1233897556386851
36047062200,3325,0.0955459984717845
36047062600,3152,0.1228434210842767
36047062800,5222,0.2964947974220623
36047063200,1476,0.0453430653007901
36047063600,1317,0.0441438319962017
36047063800,1617,0.0537407872501777
36047064000,1620,0.0592292294345706
36047064200,2865,0.0907610344203472
36047064400,2702,0.07696174327225
36047064600,2226,0.0639524171406331
36047064800,1993,0.058502971274258
36047065000,1439,0.0641809896185199
36047065200,1197,0.0674570664341775
36047065400,1681,0.0585033573764166
36047065600,1795,0.0592967973123243
36047065800,1844,0.0592145575525441
36047066000,1762,0.0588087641838633
36047066200,1497,0.0893679778321453
36047066600,1,1.5625392195333283
36047067000,2876,0.0804119521614329
36047067200,1435,0.0672732818066875
36047067400,1992,0.0730540033251349
36047067600,1622,0.0599902367891565
36047067800,2874,0.0641786730055683
36047068000,1887,0.0651968243977768
36047068200,2489,0.0780810534300097
36047068600,1749,0.0571454360846467
36047068800,1706,0.0605840619090718
36047069000,1880,0.066762082548711
36047069200,2512,0.0703536048279387
36047069601,3932,0.1764189566105768
36047069602,6275,0.2657031502743076
36047069800,1417,0.193147218733757
36047070000,1650,0.0779513231047226
36047070201,6719,0.4147096258291317
36047070202,21,1.9932272970936535
36047070203,0,1.08655826995283
36047070601,2703,0.1750710739749303
36047070602,4,0.4620689166020921
36047072000,2205,0.0610921723497796
36047072200,2893,0.0992942782274008
36047072400,1911,0.0742057460642165
36047072600,2582,0.1062429587755906
36047072800,3645,0.081872962729547
36047073000,2170,0.0714760038029672
36047073200,2173,0.0617485460193869
36047073400,1818,0.058341966674125
36047073600,3473,0.0687327479661673
36047073800,3290,0.0697223277986399
36047074000,3446,0.0626983573295245
36047074200,3023,0.0673080310009608
36047074400,2481,0.0656659385204668
36047074600,2100,0.0780080801220357
36047074800,1936,0.0681659499973534
36047075000,2928,0.0669578363431174
36047075200,1042,0.0668705772552755
36047075400,1402,0.0669721221229853
36047075600,1934,0.0670064852151
36047075800,2005,0.0792517151748623
36047076000,2832,0.0701092021615497
36047076200,4391,0.072603808208216
36047076400,3783,0.0623894756026505
36047076600,1990,0.0318835440522543
36047076800,4049,0.1171275647284728
36047077000,2776,0.0630431465571477
36047077200,3070,0.1561138440901954
36047077400,3029,0.0570519993622673
36047077600,3784,0.0720254271746444
36047078000,2197,0.0635269325618641
36047078200,4081,0.064982537699758
36047078400,2441,0.0646439261066723
36047078601,2374,0.033645328201912
36047078602,2073,0.0324055541706714
36047078801,2040,0.0359673465836876
36047078802,1328,0.0246943218592613
36047079001,1347,0.0233464392236148
36047079002,3769,0.0473056225729159
36047079201,1743,0.0419889958490967
36047079202,3171,0.0416758669984782
36047079400,2742,0.085784563698248
36047079601,4125,0.0426252922064572
36047079602,4489,0.0521222470013578
36047079801,2957,0.0500697279262799
36047079802,5647,0.0410681422008535
36047080000,3562,0.0670578368021928
36047080200,4521,0.0715227221641569
36047080400,3327,0.0732655873080436
36047080600,3781,0.0642126499955245
36047080800,1940,0.1242615743127871
36047081000,2907,0.0627041488619034
36047081400,3121,0.065704548736326
36047081600,2580,0.0693593917695629
36047081800,4830,0.0609732528849331
36047082000,5495,0.0573747807668507
36047082200,7201,0.0655821543520522
36047082400,4963,0.0827667892266887
36047082600,5165,0.0768694648563464
36047082800,4206,0.060492941799644
36047083000,6167,0.0779088518672775
36047083200,2362,0.0561967830809848
36047083400,1733,0.0486465553697078
36047083600,2160,0.08038531111249
36047083800,2226,0.0644566665597549
36047084000,2324,0.0656593747837707
36047084600,1986,0.0642975924704148
36047084800,1728,0.0530894329086321
36047085000,1509,0.0558353914605422
36047085200,32,0.152784485176652
36047085400,1962,0.0497106529187888
36047085600,3568,0.0612466132132166
36047085800,2474,0.0534797821909692
36047086000,3809,0.0677091911437385
36047086200,3427,0.054111059220268
36047086400,2499,0.0582330858654019
36047086600,3385,0.0604338681693793
36047086800,3413,0.0674061009492433
36047087000,3570,0.0601230559317123
36047087200,3128,0.0568357821534555
36047087401,3740,0.0504233975035507
36047087600,2098,0.0549087462799201
36047087800,2730,0.0584612722411301
36047088001,2127,0.0314387543655557
36047088002,1374,0.0390167814322514
36047088200,6804,0.0784486226849898
36047088400,5513,0.0645018405123103
36047088600,4547,0.0693918243508847
36047088800,4001,0.077702673314589
36047089000,6683,0.0959139538289231
36047089200,3673,0.0693682721192106
36047089400,3834,0.0664925832420134
36047089600,4081,0.0575384880820939
36047089800,2329,0.0595975708938679
36047090000,5434,0.0950544904238962
36047090200,3817,0.0735756273413934
36047090600,4534,0.0756107718193347
36047090800,5893,0.1144588266082812
36047091000,5814,0.0818799125684017
36047091200,6572,0.0645705666965397
36047091600,5309,0.0832590694788942
36047091800,2703,0.0809393677100703
36047092000,3491,0.0915637408080611
36047092200,3031,0.0623137995795664
36047092400,3628,0.0971768939896793
36047092800,2861,0.0607025952717597
36047093000,2567,0.0749922361612694
36047093200,1277,0.1082769449470561
36047093400,2466,0.0686327475070918
36047093600,1854,0.0637535745289579
36047093800,2662,0.0506199235022743
36047094401,3447,0.1424593412515704
36047094402,2810,0.0412584905650397
36047094600,2079,0.10879161912446
36047095000,3170,0.093605835124857
36047095400,5156,0.0915162502425542
36047095600,4391,0.0917309230427316
36047095800,3770,0.0904919212158082
36047096000,6,0.1636636856993139
36047096200,1701,0.069150896603923
36047096400,2621,0.0681783052664284
36047096600,2353,0.0699659582607118
36047096800,1555,0.0575365575713009
36047097000,2357,0.0631083978219498
36047097400,2911,0.0974324936186676
36047098200,4076,0.1334546667088753
36047098400,2074,0.0435604316345683
36047098600,2814,0.0602207397778362
36047098800,3083,0.0625257696646337
36047099000,1652,0.0632130315069284
36047099200,2056,0.0519701227508724
36047099400,2116,0.0671701925303433
36047099600,4052,0.0732408767698937
36047099800,4234,0.1620598173325205
36047100400,2901,0.0509863344507786
36047100600,2662,0.058732315956462
36047100800,2189,0.0574898392101112
36047101000,2605,0.0661559021597207
36047101200,2115,0.0620701691174945
36047101400,2268,0.0598280738825476
36047101600,1551,0.0434048324646556
36047101800,2030,0.1095622790330107
36047102000,2186,0.0606342551896888
36047102200,2313,0.0628763504246357
36047102400,2257,0.0552608714485565
36047102600,2973,0.0524790053958973
36047102801,1754,0.0594188055944395
36047102802,5,0.3339741200587983
36047103401,3980,0.0679871846979251
36047103402,0,0.1892398648888006
36047105801,7013,0.1615617455479361
36047105804,6482,0.2973948015537415
36047107001,3543,0.4660986648313223
36047107002,0,0.7651444392152056
36047107003,0,0.1062294452000399
36047107800,4112,0.1955715541875596
36047109800,2290,0.3298787344626072
36047110400,5068,0.2866905053089221
36047110600,4558,0.0660439325337289
36047111000,3037,0.0482558199852122
36047111600,3434,0.1929344764443725
36047111800,3507,0.0626693996676301
36047112000,3480,0.0667972178451429
36047112200,3514,0.0626585888071895
36047112400,4288,0.0686678828035237
36047112600,4368,0.0650582137228421
36047112800,4461,0.0711173148976348
36047113000,4460,0.0748389536043082
36047113200,2427,0.0757505408007452
36047113400,2658,0.0592357931712667
36047114201,1880,0.1161850893593484
36047114202,2670,0.0460114081373138
36047114400,2414,0.1659899512048339
36047114600,3134,0.0618153416928234
36047115000,3123,0.0611006665972686
36047115200,3496,0.0641454682199294
36047115600,4452,0.0617230632769198
36047115800,3260,0.0598384986408296
36047116000,2630,0.0584612722411301
36047116200,2374,0.0553851963436233
36047116400,3275,0.0701018662205364
36047116600,3484,0.0615408230580641
36047116800,2273,0.0555817223423469
36047117000,1974,0.0593859869109592
36047117201,2602,0.0498674103951774
36047117202,4266,0.0586188019218358
36047117400,4331,0.0821853193758484
36047117601,2760,0.0588249804745242
36047117602,3492,0.0555211043034479
36047117800,1820,0.0542851912937932
36047118000,7,0.2901963129089422
36047118201,3345,0.0487982935180347
36047118202,3275,0.0480025369691755
36047118400,5434,0.0791293207905885
36047118600,3147,0.0507836308175175
36047118800,5156,0.0673269500067318
36047119000,2217,0.054292913336965
36047119200,3636,0.0870444150417354
36047119400,4320,0.0705953047792177
36047119600,6458,0.1183210065006823
36047119800,3696,0.1262179539503754
36047120000,2873,0.0581195718307757
36047120200,1972,0.0590937075769046
36047120801,3999,0.0780652232415074
36047120802,3770,0.0452882387942699
36047120803,2010,0.0599388852020637
36047121000,3688,0.0612771152837454
36047121400,4100,0.0669323536006503
36047122000,6169,0.4210011605033971
36047123700,8586,0.124077789685297
36047150200,2616,0.123280874829962
36047152200,3287,0.1505261736510443
36047990100,0,0.0
36061000100,0,0.0294939577927251
36061000201,2012,0.0348391560762802
36061000202,7266,0.1197071132500295
36061000500,5,0.325838561475095
36061000600,11616,0.0928212755385969
36061000700,10542,0.097772263518229
36061000800,10871,0.0852158352186412
36061000900,2016,0.1154005297730884
36061001001,1767,0.0309433852960815
36061001002,6300,0.0770976512320745
36061001200,3776,0.0465627620197839
36061001300,5402,0.1224777823400895
36061001401,3543,0.0361024823391949
36061001402,3418,0.0439847579068615
36061001501,8385,0.1045610977727616
36061001502,10378,0.0806158141011697
36061001600,7698,0.0800702517510785
36061001800,7934,0.0860868816884259
36061002000,4648,0.0487565944849067
36061002100,7811,0.0915946289807485
36061002201,6969,0.0624203637753379
36061002202,2488,0.0216634199143099
36061002400,4518,0.070400709291287
36061002500,4630,0.0507789975916144
36061002601,3609,0.0409449756122625
36061002602,4816,0.0400349328244599
36061002700,1370,0.0228889081656826
36061002800,6819,0.0708983949737128
36061002901,1096,0.0560060486146401
36061002902,4359,0.0478110302985136
36061003001,4663,0.0479345829892632
36061003002,3035,0.0303213747185889
36061003100,2989,0.0791389733445533
36061003200,8372,0.0840474900867402
36061003300,6458,0.1319222272414215
36061003400,7012,0.0618755736295638
36061003601,3513,0.0385376286534381
36061003602,3000,0.0343673392384801
36061003700,3092,0.1480234594590475
36061003800,9070,0.0781354938343713
36061003900,7036,0.1278272277473891
36061004001,3743,0.0354217842335963
36061004002,5090,0.0334325859125276
36061004100,7523,0.0738528486912629
36061004200,5216,0.0330376034042874
36061004300,4158,0.0576215000461913
36061004400,17222,0.1583065182488424
36061004500,1093,0.0405206493399693
36061004700,2644,0.0638690190743771
36061004800,6955,0.0678620875985411
36061004900,4777,0.0800459273150871
36061005000,5223,0.0642736541365821
36061005200,3808,0.065209951871169
36061005400,4909,0.0648493324550436
36061005501,4564,0.0480492553303652
36061005502,1956,0.0445893938872175
36061005600,4281,0.0673458690125029
36061005700,2998,0.0417171799294476
36061005800,5109,0.0674400779391995
36061005900,5707,0.0448554182744877
36061006000,5290,0.0459245351516304
36061006100,5494,0.0548952327043694
36061006200,3686,0.1133275472836051
36061006300,6707,0.0687987714352866
36061006400,8744,0.0691871902068307
36061006500,6721,0.0776555688512408
36061006600,12341,0.0674524332082744
36061006700,5547,0.065051649986146
36061006800,7706,0.0673520466470404
36061006900,2799,0.0851301205394336
36061007001,4550,0.0346445605883495
36061007002,4865,0.033824479603499
36061007100,5851,0.0637056978612925
36061007200,9358,0.0675736692860725
36061007300,6180,0.0638223007131874
36061007400,5698,0.0672145942785814
36061007500,4000,0.063989482947858
36061007600,2921,0.0672875675865554
36061007700,6192,0.0690273439131734
36061007800,9109,0.0685230944940515
36061007900,4442,0.1058699840903902
36061008000,5906,0.0666512712291949
36061008100,7853,0.0672995367534718
36061008200,3414,0.0665643982435116
36061008300,3853,0.0672427797361587
36061008400,1985,0.0668215422811342
36061008601,4853,0.0483940445579883
36061008602,0,0.0411225826052151
36061008603,5347,0.0451310952157228
36061008700,6510,0.0638778994240247
36061008800,8852,0.069211514642822
36061008900,5957,0.0639300232154347
36061009000,8830,0.0674505026974815
36061009100,7362,0.0691501243996058
36061009200,1866,0.076071005592377
36061009300,9325,0.0691505105017644
36061009400,109,0.0589786491336441
36061009500,3892,0.0663956716002067
36061009600,608,0.0676952914660291
36061009700,5071,0.0667698045918828
36061009800,8078,0.0683636343025528
36061009901,2093,0.1510261759464216
36061009902,3848,0.0725837308959692
36061009903,2380,0.1623138725528743
36061010000,2170,0.0667547466076977
36061010100,2596,0.0677686508761617
36061010200,283,0.0667535883012219
36061010300,4095,0.0673624714053224
36061010400,983,0.0668844769329848
36061010601,8256,0.0470886331597869
36061010602,5489,0.0482511867593091
36061010801,3297,0.02733641893051
36061010802,3805,0.0221626500053701
36061010803,2696,0.0210035713252753
36061010900,407,0.0678539794532107
36061011000,7671,0.0681532086261199
36061011100,6138,0.0677470291552805
36061011201,1233,0.0307090212858158
36061011202,500,0.0301190571874864
36061011203,1420,0.0300955049558123
36061011300,216,0.0678200024632545
36061011401,1361,0.0380341514386334
36061011402,2620,0.0381468932689424
36061011500,3863,0.0677956780272632
36061011600,3263,0.0755146323818451
36061011700,5256,0.07591656472894
36061011800,9688,0.0682481897571336
36061011900,1666,0.0685682684466068
36061012000,3905,0.0668053259904733
36061012101,3408,0.0343808528140308
36061012102,5236,0.0344067216586565
36061012200,3425,0.0666470241054504
36061012400,10845,0.066244705656197
36061012500,2901,0.067279459441225
36061012601,7437,0.0364291247653642
36061012602,6400,0.0344827837838993
36061012700,7282,0.0671914281490659
36061012800,6545,0.0690327493433937
36061012901,7959,0.0846204656900915
36061012902,3144,0.080189171215925
36061013000,3911,0.0688130572151545
36061013100,3962,0.067233899386511
36061013201,3146,0.0301314124565614
36061013202,4237,0.0266205855284795
36061013203,3747,0.0208024121006486
36061013300,6782,0.0673188418614014
36061013400,11882,0.0701810171630479
36061013501,5504,0.077608850490051
36061013502,6358,0.0893116069169908
36061013601,1962,0.0145074025069559
36061013602,5070,0.0217838837877908
36061013603,4387,0.0207819486862432
36061013604,5057,0.0276792776473402
36061013700,7308,0.0873965402103718
36061013800,13109,0.0703061142624318
36061013900,9988,0.0701103604680254
36061014000,8050,0.0691555298298261
36061014200,4463,0.0691064948556848
36061014300,129,1.155279048752081
36061014401,5040,0.0286954985287557
36061014402,7151,0.0682898887902616
36061014500,7532,0.0683929780666058
36061014601,4481,0.0287043788784034
36061014602,9061,0.0421523170621814
36061014700,2987,0.0252576449086478
36061014801,3221,0.0200692041014813
36061014802,7494,0.0485025392645528
36061014900,6351,0.0672026251116651
36061015001,2321,0.0199394737761942
36061015002,5642,0.0484832341566232
36061015101,3756,0.0423214298076449
36061015102,8254,0.0862714385202332
36061015200,7730,0.0731045827079105
36061015301,3684,0.0335113507528804
36061015302,6032,0.03371173777319
36061015401,5189,0.0273997396845192
36061015402,4503,0.0211217185858046
36061015403,5738,0.0199672731316129
36061015501,5091,0.0332395348332313
36061015502,5759,0.0429708536383975
36061015601,5568,0.028402446990384
36061015602,2154,0.0419936290749998
36061015700,11197,0.0704211727056924
36061015801,5600,0.048553504749487
36061015802,4516,0.0198873499847842
36061015900,10054,0.0676200015451036
36061016001,3852,0.0485002226516012
36061016002,3607,0.0198560757099383
36061016100,6617,0.0601303918727256
36061016200,9033,0.1050267369760241
36061016300,7292,0.1017830927416883
36061016400,7371,0.0684891175040954
36061016500,6659,0.0788910957587369
36061016600,7012,0.0672667180699914
36061016700,7210,0.0760540170973989
36061016800,4964,0.0769412798578446
36061016900,8526,0.0694991607509735
36061017000,7991,0.0706246485432707
36061017100,9694,0.0841061776148462
36061017200,5441,0.0687026319977971
36061017300,8699,0.0689586177289439
36061017401,5449,0.0389237308120306
36061017402,2276,0.0195869625053993
36061017500,11110,0.0837474887095138
36061017700,9382,0.0673972205995957
36061017800,3860,0.0960815221657523
36061017900,9103,0.0825899544380533
36061018000,7429,0.0820552029484027
36061018100,8941,0.0534512106312333
36061018200,7675,0.0683014718550194
36061018300,8534,0.0866115945219532
36061018400,7820,0.0681783052664284
36061018500,5243,0.0503457909696736
36061018600,5127,0.047003304582738
36061018700,9383,0.0842131279127764
36061018800,5697,0.0573485258200664
36061018900,11556,0.1024730572990931
36061019000,3679,0.0400754735511121
36061019100,9005,0.0862849520957839
36061019200,3971,0.0733014948087927
36061019300,8736,0.0678435546949287
36061019400,6978,0.0675898855767334
36061019500,7828,0.0843386111143189
36061019600,4031,0.0684118970723769
36061019701,1278,0.091110842976032
36061019702,2601,0.0183000840108103
36061019800,2370,0.0870475038590042
36061019900,9598,0.0874868881154825
36061020000,2855,0.0499206924930632
36061020101,1863,0.021284267594572
36061020102,4077,0.0321816149186878
36061020300,3874,0.0688130572151545
36061020500,5023,0.108541424925692
36061020600,3628,0.0574319238863224
36061020701,3035,0.0182522073431449
36061020800,5255,0.0573616532934585
36061020901,3665,0.0447129465779671
36061021000,6748,0.0786544151355196
36061021100,10529,0.1343616206794092
36061021200,4899,0.0681068763670888
36061021303,5583,0.0591863720949668
36061021400,3075,0.0523461862533415
36061021500,3856,0.0269144092711684
36061021600,8567,0.0668721216639098
36061021703,545,0.1211831818023288
36061021800,6530,0.0702200134810657
36061021900,5696,0.107881962438816
36061022000,6114,0.0675501170543983
36061022102,2382,0.0382241137006609
36061022200,3293,0.0700474258161748
36061022301,7258,0.0721277442466714
36061022302,3101,0.0232004926076668
36061022400,7346,0.0751706153585392
36061022500,9895,0.1013386891571483
36061022600,4890,0.0590670665279617
36061022700,5387,0.0581886841171637
36061022800,5961,0.0697427912130453
36061022900,7975,0.0814880188774302
36061023000,9111,0.0670613117216202
36061023100,6273,0.0705308257187327
36061023200,8061,0.0696868064000494
36061023300,6368,0.0896575544510897
36061023400,5112,0.0417870644201528
36061023501,6720,0.0691296609852004
36061023502,2206,0.0159606910318982
36061023600,9907,0.1016081884638459
36061023700,6792,0.1049854240450547
36061023802,4791,0.0939842152402777
36061023803,3625,0.0405577151471942
36061023804,3306,0.0955282377724892
36061023900,2675,0.0246526228261333
36061024000,1302,0.8432212455214708
36061024100,7612,0.069027730015332
36061024200,4448,0.1341156736043857
36061024301,3993,0.0406156304709831
36061024302,7237,0.0823393741371268
36061024500,13385,0.0818806847727189
36061024700,6521,0.0989765161508791
36061024900,1084,0.0234205708380645
36061025100,2287,0.0615531783271391
36061025300,10081,0.0653840839446942
36061025500,5697,0.1704085043077668
36061025700,4270,0.0556226491711577
36061025900,4029,0.0291371993981856
36061026100,10733,0.060317651419643
36061026300,7969,0.0606983481480152
36061026500,6850,0.0753042067054122
36061026700,2083,0.018277690085612
36061026900,7848,0.0677875698819327
36061027100,7623,0.0744825813119273
36061027300,6519,0.0683107383068256
36061027500,3063,0.1079970208820765
36061027700,6423,0.0630358106161344
36061027900,10019,0.069503407874718
36061028100,3108,0.0363820203020159
36061028300,7740,0.0583373334482218
36061028500,6794,0.0470812972187737
36061028700,3772,0.2055484339655907
36061029100,10509,0.0723852743864526
36061029300,8035,0.060647382663081
36061029500,7039,0.052341939129597
36061029700,16,0.3660704064004371
36061029900,3598,0.2394447285705879
36061030300,3691,0.0604829031435206
36061030700,3427,0.0325769835290865
36061030900,8594,0.1168947451268415
36061031100,12,0.2821530327411426
36061031703,5847,0.0957722543367197
36061031704,10422,0.0868892019739812
36061031900,3,0.0383233419554192
36081000101,4659,0.11318353117845
36081000102,7484,0.0411727758858321
36081000103,33,0.0712817944171952
36081000104,27,0.2144975097974484
36081000200,3084,0.060461667524798
36081000400,4918,0.086825881219972
36081000600,4177,0.0827362871561599
36081000701,3460,0.0928795769645444
36081000702,4260,0.1175634740655238
36081000800,3580,0.0732914561526693
36081001000,3789,0.0622612896859978
36081001200,4183,0.0877058080394044
36081001400,4114,0.082515436721445
36081001600,3041,0.0584940909246104
36081001800,3044,0.0685288860264304
36081001901,1434,0.088185733022535
36081001902,8645,0.0671925864555416
36081001903,2214,0.1797328714377766
36081002000,1871,0.0565241977114713
36081002200,2290,0.0569462073708129
36081002400,2195,0.0547882824064393
36081002500,7242,0.0812463189261513
36081002600,2150,0.0571547025364529
36081002800,3304,0.0868895880761398
36081003000,1479,0.043548462467652
36081003100,2157,0.0636921842857417
36081003200,1791,0.0625346500142813
36081003301,4399,0.073703041053729
36081003302,2166,0.1266214307061046
36081003400,2442,0.0826208426107407
36081003600,4195,0.0695007051596078
36081003700,2,0.1492782914744732
36081003800,2490,0.0680366057742249
36081003900,1462,0.0567454342483448
36081004001,2403,0.0672945174254101
36081004002,1361,0.0505461779899831
36081004200,4505,0.077331243038023
36081004300,2326,0.0659512680156666
36081004401,3916,0.1013742105557388
36081004500,3252,0.0850868770976713
36081004700,4090,0.0692088119277119
36081005000,0,0.0589686104775206
36081005100,2512,0.0529434862926841
36081005200,3080,0.0504338222618327
36081005300,5397,0.0758679158569573
36081005400,5609,0.160657880394671
36081005500,1367,0.0640802169551272
36081005700,4277,0.0863189290857401
36081005800,6194,0.2279620503740459
36081005900,4231,0.0734397193815689
36081006100,6291,0.0753111565442669
36081006201,5389,0.1555636485142011
36081006202,6949,0.4451750166528757
36081006300,5877,0.0820467087009137
36081006501,3645,0.0428951776153134
36081006502,4004,0.0592149436547027
36081006900,5196,0.0813822268859759
36081007100,4355,0.0753146314636942
36081007300,4470,0.0546566215703592
36081007500,4477,0.0498944375462789
36081007700,2114,0.0489102631440265
36081007900,3628,0.061972099169212
36081008100,1761,0.0433677666574307
36081008300,3515,0.073876400922937
36081008500,1979,0.1054228777907401
36081008600,2989,0.1284608213896395
36081008700,5176,0.0978294066377007
36081008800,3449,0.1731745401719238
36081009100,2733,0.0719420291083884
36081009400,2919,0.0665755952061108
36081009500,2510,0.0635180522122165
36081009600,3127,0.0797185126846007
36081009700,3860,0.0779173461147665
36081009800,2631,0.0524137541310952
36081009900,0,0.0962236077601143
36081010000,3383,0.0862370754281184
36081010100,2654,0.0667022367141291
36081010200,2866,0.0825718076365995
36081010300,4150,0.0967046910497207
36081010400,3315,0.0719987861257015
36081010500,4641,0.0764563355466523
36081010600,3417,0.0667987622537773
36081010701,7,0.6180572774907449
36081010800,3034,0.0608423642531702
36081011000,3190,0.0637234585605877
36081011100,2902,0.0581998810797629
36081011200,2497,0.0730474395884388
36081011300,4280,0.0689871892886797
36081011400,1539,0.0460067749114107
36081011500,2414,0.0716447304462722
36081011600,2370,0.0528720573933445
36081011700,3840,0.0821729641067734
36081011800,2690,0.0606531741954599
36081011900,1729,0.0430407381291028
36081012000,2385,0.0558006422662689
36081012100,2177,0.0532434876699105
36081012200,2802,0.0811528822037719
36081012301,3272,0.2283856044420219
36081012400,2873,0.0763165665652418
36081012500,1735,0.0629535708563542
36081012601,2596,0.0579882970968542
36081012602,2715,0.0575191829741643
36081012800,2212,0.0614867687558612
36081013000,1757,0.07246828635055
36081013200,1919,0.0742690668182256
36081013400,5904,0.0736706084724072
36081013500,1526,0.0524164568462053
36081013600,1994,0.0584589556281785
36081013700,1747,0.0771945628738813
36081013800,3785,0.0655427719318757
36081014000,3952,0.0857559921385121
36081014100,1645,0.0660508823725835
36081014201,4702,0.0814339645752273
36081014202,2870,0.2386624855972794
36081014300,4007,0.0527052612608325
36081014400,2005,0.0848764514212383
36081014500,2368,0.0493218480450862
36081014700,2933,0.0571238143637655
36081014800,2186,0.0606396606199091
36081014900,2477,0.0411569456973298
36081015000,2418,0.0568021912656579
36081015100,2675,0.051522244246905
36081015200,2638,0.0715427994764037
36081015300,2131,0.0469612194474514
36081015400,2390,0.0579709224997175
36081015500,2344,0.0569531572096676
36081015600,3210,0.0808791357733298
36081015700,1655,0.0496002277014314
36081015801,3817,0.1141352729993806
36081015802,4607,0.1074927714629547
36081015900,4010,0.0655161308829329
36081016100,2291,0.0415785692545129
36081016300,4053,0.0842633211933934
36081016400,3306,0.076379887319251
36081016600,3400,0.0783331781395706
36081016800,2764,0.081616204794083
36081016900,5577,0.0892204868075629
36081017000,2504,0.0839621615096912
36081017101,36,0.3211856443618963
36081017102,27,0.157240876291127
36081017200,2224,0.0737702228293241
36081017400,2423,0.0735810327716137
36081017600,2181,0.0732953171742552
36081017800,2084,0.0728594078372043
36081017901,986,0.0372094372278797
36081017902,124,0.1457107075290782
36081018000,1365,0.0533755346081492
36081018101,3836,0.037121019833562
36081018102,3800,0.0372800939229022
36081018200,2540,0.1006742073422105
36081018300,6044,0.0830208444470426
36081018401,2174,0.073492615377296
36081018402,2412,0.0820648555023675
36081018501,3502,0.0380387846645365
36081018502,3453,0.0379901357925538
36081018600,1802,0.0698647994951606
36081018700,3611,0.0932259106008019
36081018800,1510,0.0690628653117639
36081018900,3457,0.0840567565385464
36081019000,2445,0.0726879784787892
36081019200,2359,0.0776242945763948
36081019400,3015,0.1181074920069806
36081019600,3122,0.0860610128438002
36081019800,3682,0.0802007542806827
36081019901,1088,0.1233897556386851
36081019902,317,0.2417157814674292
36081019903,0,0.2471864629525268
36081020200,1693,0.0591188042172131
36081020400,2278,0.1106738671475986
36081020500,1184,0.2268863697602071
36081020600,2046,0.057380186197071
36081020800,3513,0.209751542064029
36081021200,2812,0.0925741701570977
36081021400,6673,0.1470091690884249
36081021601,2678,0.0879309055978639
36081021602,1506,0.0433133262530691
36081021603,0,0.1169395329772382
36081021900,31,0.4957841292947094
36081022001,6551,0.1527833268701762
36081022002,6010,0.1182144423049108
36081022900,0,0.5176100982177868
36081023000,1880,0.0640157378946423
36081023200,5264,0.1275955664522336
36081023501,4403,0.0533114416498228
36081023502,3373,0.0453519456504377
36081023600,3266,0.0680617024145334
36081023800,4863,0.0604979611277057
36081024000,6252,0.1040788561766795
36081024300,6231,0.2085445867162687
36081024500,5544,0.0994830821829525
36081024600,1,0.1171970631170195
36081024700,1537,0.0376916788239618
36081024900,5724,0.0787968868320403
36081025100,5818,0.0948340260913398
36081025301,4510,0.0491094918578603
36081025302,3013,0.0405519236148153
36081025401,3899,0.0973062382128078
36081025402,6180,0.1467524111529608
36081025500,1603,0.0842660239085035
36081025700,1648,0.058141965755974
36081025800,2289,0.0817930395827184
36081025900,3542,0.072274076964778
36081026000,2915,0.068871358641102
36081026100,7802,0.0855625549570573
36081026200,1652,0.0553643468270593
36081026300,6631,0.0802559668893615
36081026400,2736,0.0982433081517119
36081026501,3213,0.0415781831523543
36081026502,1622,0.0269653747561026
36081026600,1949,0.0667949012321913
36081026700,6196,0.0810034606683966
36081026901,5210,0.0440978858393292
36081026902,4244,0.0303016835085007
36081027000,1960,0.0714566986950376
36081027101,5454,0.0347179199984821
36081027102,3112,0.0188942952328842
36081027200,2065,0.0593315465065976
36081027301,3673,0.0380851169235676
36081027302,4765,0.0450245310199512
36081027400,1927,0.0554917605393949
36081027500,6773,0.0685817820221576
36081027600,1365,0.0612871539398688
36081027701,3448,0.0287159619431612
36081027702,5196,0.0388102167774044
36081027800,2529,0.0677145965739588
36081027900,6358,0.0683999279054605
36081028000,1901,0.0638605248268881
36081028100,5991,0.0673520466470404
36081028200,1801,0.070452833082697
36081028300,7523,0.0686161451142723
36081028400,3766,0.1658135025183571
36081028500,4858,0.0610442956821141
36081028700,6544,0.0755312347746646
36081028801,2940,0.0920610403883282
36081028802,1952,0.0772841385746747
36081028803,8,0.1052174714423689
36081028900,5202,0.0666489546162434
36081029100,7341,0.1009564480201416
36081029300,1457,0.0584311562727598
36081029400,8072,0.4110072922303879
36081029500,3826,0.0706443397533589
36081029700,2258,0.200470032273623
36081029900,5,0.1576281367561953
36081030600,5287,0.5225471865197096
36081030903,6748,0.1357929013813117
36081030904,3724,0.1600080704617597
36081030905,3424,0.0748115403510481
36081030906,4924,0.0837633188980161
36081031700,6781,0.2963866888176564
36081032000,5200,0.4016134267118315
36081032700,3932,0.058244282828001
36081032800,2660,0.1420929303030661
36081032900,4251,0.1686938246214574
36081033000,7365,0.3155674718522163
36081033100,0,1.095414295164467
36081033401,4196,0.2164704918278563
36081033403,4874,0.0983765133964263
36081033404,4723,0.0933456022699656
36081033405,3653,0.1008522004373217
36081033700,3765,0.0582404218064151
36081033900,3481,0.0582373329891464
36081034700,3688,0.1477890954487818
36081035100,4178,0.0537612506645831
36081035200,2550,0.2340647810927595
36081035300,2828,0.0598898502279224
36081035700,5593,0.2388142237456063
36081035800,4508,0.2025044045472471
36081036100,2706,0.0607632133106587
36081036300,2462,0.0520824784790228
36081036500,4142,0.0641686343494449
36081036600,3003,0.1427238212302063
36081036700,3099,0.0755123157688936
36081036800,2513,0.0899015710153202
36081037100,1917,0.0723841160799769
36081037300,2887,0.0916096869649336
36081037501,1479,0.0204900554543472
36081037502,2778,0.0386577064247603
36081037600,6373,0.2972032948830796
36081037700,4493,0.0566867467202388
36081037900,6504,0.0760879940873551
36081038100,6966,0.1101611234809877
36081038301,2,0.2162797573615116
36081038302,44,1.7302318812575554
36081038400,2720,0.1148723420201338
36081039400,3332,0.1344573740147401
36081039800,1688,0.0774486180942352
36081039901,2875,0.0409503810424828
36081039902,2285,0.0245580277972781
36081040000,1474,0.0757922398338732
36081040101,2847,0.033956140439579
36081040102,4808,0.0478936561604524
36081040200,1474,0.0842907344466535
36081040301,2768,0.0342152149879946
36081040302,4760,0.0429835950096311
36081040400,4270,0.1851027802594816
36081040501,1183,0.0275893158443881
36081040502,2175,0.0223989445264287
36081040701,3162,0.027202827583637
36081040702,5131,0.0498326612009041
36081040901,1951,0.0273611294686599
36081040902,3534,0.0315074805497852
36081041100,4532,0.0531566146842272
36081041300,4752,0.0613137949888117
36081041400,4526,0.1827093329783664
36081041500,4365,0.0660010751941251
36081042400,2295,0.1993985987835287
36081042600,364,0.2014329710571528
36081042700,4998,0.0658520397609084
36081043200,1280,0.0920347854415439
36081043400,1717,0.0792864643691356
36081043701,3683,0.0562226519256105
36081043702,6998,0.0676840945034299
36081043900,4931,0.0636103306281201
36081044000,4783,0.1461624470546314
36081044301,4725,0.0516021673937337
36081044302,5373,0.1073248170239669
36081044400,4562,0.3463818990273279
36081044601,4013,0.0867864987997956
36081044602,5472,0.0656667107247839
36081044800,3063,0.0803100211915644
36081045000,2070,0.0677887281884085
36081045200,1209,0.0841305020508376
36081045400,5207,0.0891880542262412
36081045500,13200,0.0572353978875988
36081045600,1365,0.0626381253927841
36081045700,3536,0.0581149386048725
36081045800,2271,0.0947035235617355
36081045900,4150,0.0528519800810977
36081046000,6193,0.085432052427453
36081046100,2903,0.0435615899410441
36081046200,8206,0.0963753459084412
36081046300,4541,0.0615504756120289
36081046400,1841,0.0883274325147384
36081046500,4276,0.0500982994860157
36081046600,3676,0.0928710827170554
36081046700,7281,0.0547720661157784
36081046800,4173,0.0885787850199822
36081046901,4346,0.0288333369993733
36081046902,4102,0.0296167382791575
36081047000,3343,0.0885417192127573
36081047100,4785,0.061041592967004
36081047200,3861,0.2011090313460937
36081047300,4863,0.0766378035611908
36081047500,5489,0.1088738588842402
36081047600,1374,0.2113619741675184
36081047801,4065,0.2009395324984716
36081047802,1511,0.0512326676279606
36081047900,6837,0.1515358307957637
36081048000,2666,0.0889023386288827
36081048100,6321,0.0536882773566091
36081048200,1518,0.0881772387750459
36081048301,2145,0.0337414676394016
36081048302,2092,0.0517940601665542
36081048400,5569,0.160107298716518
36081048500,5331,0.1225028789803981
36081048900,1937,0.1397712980234492
36081049201,2888,0.1139155808711415
36081049202,2018,0.0738153967818794
36081049301,2391,0.0633736500049029
36081049302,3498,0.103997774723375
36081049500,1430,0.0498210781361463
36081049600,3251,0.1054506771461588
36081049700,3381,0.0762818173709685
36081049900,5477,0.178529004907285
36081050000,4778,0.129756580233876
36081050201,1678,0.0649161281284801
36081050202,1521,0.0590172593495033
36081050400,1872,0.0835146691078825
36081050500,1768,0.0448310938384964
36081050600,1635,0.079586465746362
36081050700,3699,0.1437137871648376
36081050800,2084,0.0847613929779778
36081051000,1616,0.0713875864086495
36081051100,2494,0.1057560839536054
36081051200,2748,0.1450937162796473
36081051300,2638,0.0747246673653648
36081051500,3126,0.0866278108126141
36081051600,2069,0.0709092058341534
36081051700,2146,0.0981390605688919
36081051800,1948,0.0655682546743429
36081052000,1593,0.0664921971398548
36081052100,2197,0.073463271613243
36081052200,1605,0.0655755906153561
36081052400,1945,0.0757459075748421
36081052500,2252,0.0780331767623443
36081052600,1958,0.070492601605032
36081052800,1563,0.0696512850014589
36081053000,2393,0.0888645006173406
36081053100,3462,0.1635131058574628
36081053200,1886,0.0732825758030217
36081053401,2104,0.1004869477952931
36081053501,1058,0.0686810102769159
36081053502,0,0.1253955563525733
36081053601,1578,0.0739524630481797
36081053800,1648,0.0728783268429753
36081053901,3968,0.1695038669501845
36081053902,88,0.0639103320053465
36081054000,4632,0.2018206176243797
36081054200,5149,0.2092075241225721
36081054500,3648,0.0438125563441293
36081054700,4166,0.0498662520887016
36081054800,2336,0.0871328324360531
36081054900,4932,0.0634288626135816
36081055100,4574,0.0598971861689357
36081055200,3174,0.1612034427447622
36081055300,2856,0.0529060343833007
36081055400,2487,0.0849718186544107
36081055500,1935,0.0593500794102101
36081055600,2242,0.0876077380911219
36081055700,3966,0.0921842069769192
36081055800,1710,0.07427061122686
36081055900,1178,0.0612261497988112
36081056000,1743,0.0824100308321492
36081056100,20,1.089649403834522
36081056200,1460,0.0620053039548509
36081056400,1559,0.0722953125835006
36081056500,1681,0.0454766566476631
36081056600,1581,0.0749555564562031
36081056700,4751,0.1210156134654996
36081056800,4862,0.3285721647579301
36081057700,4023,0.072046662793367
36081057900,1743,0.0263893103354825
36081058000,3589,0.2125307054015781
36081058100,2785,0.0554465865868395
36081058200,4509,0.2176260955885237
36081058300,3362,0.0552562382226534
36081058500,4128,0.066086403771174
36081058700,3336,0.0558037310835376
36081058900,4308,0.0638118759549054
36081059000,1182,0.0612361884549346
36081059100,5226,0.0780158021652076
36081059200,1186,0.08731198383764
36081059300,4092,0.0973533426761561
36081059400,1506,0.085732439906838
36081059501,2091,0.0636489408439794
36081059502,2712,0.0892660468622769
36081059600,1373,0.0751161749541776
36081059800,1764,0.0797188987867592
36081059900,1594,0.0490662484160979
36081060000,1223,0.068230815159997
36081060100,2414,0.0596242119428108
36081060300,1854,0.0700265762996109
36081060600,1328,0.0831262503363384
36081060701,3,0.275286591952733
36081060800,1475,0.0816397570257571
36081061000,1204,0.091452929488545
36081061200,1552,0.101350272221906
36081061301,5763,0.2751761667353755
36081061302,0,0.1880444926057981
36081061400,1205,0.099518603581543
36081061601,2095,0.1467983573098333
36081061602,1402,0.1630544164930548
36081061800,1736,0.0932606597950752
36081061900,3097,0.0995595304103539
36081062000,1419,0.0834915029783669
36081062100,3151,0.0997193767040112
36081062200,1979,0.1688308908877578
36081062300,1923,0.0604852197564721
36081062400,0,0.1977248459260301
36081062500,2625,0.0767490009828655
36081062600,2689,0.1657907224910001
36081062700,3010,0.0607361861595573
36081062900,3042,0.0708613291664879
36081063000,1602,0.0735435808622303
36081063200,2261,0.1145904874443612
36081063301,1587,0.0520214743379652
36081063302,1665,0.0535674273809697
36081063500,2784,0.0731509149669416
36081063700,3507,0.2683900351959531
36081063800,3584,0.2667108769082341
36081063900,2794,0.0972108709796355
36081064101,2378,0.032994359962525
36081064102,4,0.8592220911778626
36081064500,2064,0.1195337533808215
36081064600,3025,0.1572640424206426
36081065000,2831,0.1544385468240624
36081065401,2836,0.1664061693317966
36081065402,5,0.0975101001525447
36081065501,3,0.3135477714606188
36081065600,5423,0.2287400462236098
36081065702,1775,0.0556396376661358
36081065703,2829,0.1036495105763246
36081065900,1850,0.0748076793294622
36081066000,3511,0.1492504921190545
36081066100,1573,0.0515739819361564
36081066301,2713,0.1082371764247211
36081066302,4,0.0945347969184306
36081066401,1923,0.4296606597163104
36081066402,3942,0.1518339016621972
36081066403,4480,0.1352697329564188
36081066404,0,0.3677966691515043
36081066501,3538,0.1265635153823158
36081066701,2789,0.0975421466317079
36081066900,1790,0.0618126389777133
36081067100,2248,0.0884575489421841
36081067700,1832,0.0717968546967576
36081067900,4397,0.0979209128492871
36081068000,5220,0.2950704665590145
36081068200,1262,0.088855620267693
36081068300,4052,0.0943598926405882
36081068700,4597,0.1075298372701796
36081069000,3787,0.1353419340600756
36081069300,2887,0.0552118364744153
36081069400,3604,0.2007989913127439
36081069500,2451,0.0823243161529417
36081069701,4435,0.0511481112552288
36081069702,3929,0.1704328287437582
36081070300,2225,0.0930687670222547
36081070700,2426,0.0857382314392169
36081070900,2635,0.0847637095909293
36081071100,5687,0.1449717079975321
36081071303,5307,0.0543037241974056
36081071304,6386,0.0598778810610061
36081071305,5126,0.0521241775121508
36081071306,6181,0.0700138349283773
36081071600,2,7.073046756187619
36081071701,5557,0.0733852789772073
36081071702,4660,0.0876374679573336
36081071900,2887,0.0640748115249069
36081072100,5040,0.0657636223665907
36081072300,2158,0.1814896362593726
36081072900,1490,0.0747999572862904
36081073100,1550,0.0732987920936826
36081073700,2277,0.0813165895190152
36081073900,5548,0.0866000114571954
36081074100,3164,0.0664037797455371
36081074300,4433,0.0747018873380079
36081074500,3659,0.067369421244177
36081074700,3539,0.1140966627835214
36081074900,1563,0.1386338410642356
36081075701,5110,0.0763119333393387
36081075702,5071,0.1361805479485386
36081076901,4274,0.0698945293613722
36081076902,1390,0.0390889825359082
36081077300,2311,0.1077491432962601
36081077500,2241,0.0886061982732422
36081077902,5416,0.2158751222993066
36081077903,2937,0.1018649463993099
36081077904,6324,0.1489296412252641
36081077905,2586,0.1062452753885422
36081077906,3968,0.111612481495137
36081077907,3349,0.0837200754562537
36081077908,3838,0.0774123244913275
36081078800,2002,0.0743377930024551
36081079000,2875,0.1006151337119458
36081079200,2717,0.1404724595434532
36081079300,1,0.3374803137609771
36081079701,7620,0.0429781895794108
36081079702,5002,0.1102128611702391
36081079900,3871,0.1108526324470269
36081080301,4828,0.1220040349914965
36081080302,3973,0.1693552176191264
36081080900,7591,0.3865820835756655
36081081400,4088,0.14268714152514
36081081800,3873,0.1448338695269145
36081083700,6229,0.3014612294880381
36081083800,5194,0.1912680595278872
36081084000,6644,0.2194921273210014
36081084500,5516,0.0728478247724465
36081084601,3045,0.1278619769416625
36081084602,1496,0.2767587994834463
36081084901,3013,0.07873935761041
36081084902,4466,0.0384345393770939
36081085300,5415,0.0753771800133862
36081085500,6889,0.0503901927179117
36081085700,5770,0.0511666441588413
36081085900,6162,0.0564546993229246
36081086100,2450,0.0574473679726661
36081086300,7118,0.0556566261611139
36081086400,2867,0.4327089362583985
36081086500,5224,0.0611014388015858
36081086900,2343,0.2298767309785063
36081087100,6373,0.1592354800424161
36081088400,7578,0.6015151166080064
36081088902,7015,0.1113503181294527
36081088903,4487,0.1424994958760641
36081089201,7404,0.6856259274487557
36081089202,0,0.4241756924513449
36081090700,1584,0.7807136226582909
36081091602,12,0.4932833456135055
36081091603,4456,0.7284384792021305
36081091604,0,0.9603824011377412
36081091800,12,0.4349220738314509
36081091900,6417,0.1740452005395499
36081092200,2208,0.2446748684108824
36081092500,4356,0.1206279668982727
36081092800,3204,0.2944870661973811
36081092900,7638,0.36946849149821
36081093401,3732,0.2092708448765813
36081093402,3704,0.152411124389293
36081093800,4460,0.3126145625433006
36081093900,6268,0.2533567615489941
36081094201,3729,0.1341759055411262
36081094202,4785,0.2755896821472281
36081094203,5676,0.1968696296447477
36081094500,4327,0.5898552175206704
36081094700,3035,0.1052672786208273
36081095400,6108,0.3122890784236071
36081096400,6353,0.3330922627285729
36081097202,3460,0.2226423348329579
36081097204,4078,0.1512848643926786
36081097205,4268,0.067991045719511
36081097206,2910,0.1184484202130179
36081097207,12,0.3212416291748922
36081097300,2007,0.2041403193932037
36081098100,2353,0.2511984504824618
36081098700,2543,0.2576463565309572
36081099100,6642,0.4189401471808301
36081099200,4348,0.224543115759709
36081099701,3075,0.3764747012680302
36081099703,3938,0.2226288212574072
36081099704,7280,0.2609726266272319
36081099705,2687,0.1699162240555614
36081099801,7853,0.1763355585443209
36081099802,5822,0.1678135116998664
36081099900,0,0.2503420758947036
36081100801,2496,0.2490254675339031
36081100803,4817,0.1340944379856632
36081100804,4315,0.2669510324508787
36081101002,4596,0.2065040368081072
36081101003,3943,0.0905212649798612
36081101004,6612,0.2202326712611819
36081101700,6307,0.3813283915036969
36081102900,3786,0.1893865837090657
36081103201,6986,0.15426364254622
36081103202,6860,0.2765912311466171
36081103300,4459,0.2339964410106886
36081103900,6618,0.3355428531291597
36081104700,7907,0.3250215693075132
36081105900,3812,0.2508042401785389
36081107201,2370,0.5339066981276606
36081107202,0,2.588880610729908
36081108500,2778,0.1717448038786556
36081109300,3139,0.4130713943702236
36081109700,1797,0.1718718314888326
36081109900,3538,0.1462153430503586
36081111300,2611,0.2819723369309213
36081112300,2126,0.107827908136613
36081112900,2248,0.1370539110312749
36081113300,1554,0.0980039248133845
36081113900,3602,0.1480242316633646
36081114100,2580,0.1730092884480462
36081114700,1833,0.1190885775919643
36081115100,1087,0.1091267557981183
36081115500,2132,0.0722045785762313
36081115700,3529,0.1214762333407005
36081115900,3922,0.1193020920856659
36081116100,4585,0.0678358326517568
36081116301,5178,0.0515029391389754
36081116302,3461,0.0455905567844479
36081116700,2094,0.0641350434616474
36081117100,2837,0.1534902799225591
36081117500,5410,0.2171797614931908
36081118100,2015,0.0753760217069104
36081118500,2357,0.0598771088566889
36081118700,2648,0.0722918376640733
36081118900,2625,0.078128157893358
36081119100,3694,0.0840486483932159
36081119300,2407,0.0815038490659325
36081119500,1445,0.073110760342448
36081119900,1699,0.0711817939581197
36081120100,1840,0.0628933389196138
36081120300,1818,0.0710474304069295
36081120500,3144,0.0780829839408027
36081120701,3058,0.1511142072385807
36081120702,3,0.1207306700724583
36081121100,2,0.3782720068162784
36081121500,4737,0.243884903394402
36081122300,3822,0.1913927705251125
36081122702,6959,0.1736455848054067
36081122703,6801,0.1699312820397465
36081122704,4444,0.1008522004373217
36081124100,4004,0.1926692242614195
36081124700,3734,0.1866649495931469
36081125700,3642,0.128145762028228
36081126500,1595,0.0775266107302708
36081126700,4490,0.296624913849508
36081127700,3600,0.4127883814879752
36081128300,5,0.7613664295933776
36081129102,3561,0.3829623758388605
36081129103,3811,0.1770421254945452
36081129104,4318,0.273461487049066
36081130100,4203,0.269768806004287
36081133300,3915,0.2684861746334426
36081133900,1360,0.0873405553973759
36081134100,3659,0.2289481552870912
36081134701,5561,0.1795734112462779
36081134702,5117,0.2370142154822479
36081136700,6250,0.2981392065155079
36081137700,7309,0.2894549967644446
36081138501,4994,0.3821461558755959
36081138502,85,0.9091983823817632
36081139900,1769,0.1406187922615598
36081140300,2406,0.1445280766173092
36081140901,1020,0.0944004333672404
36081140902,2906,0.2075920726910209
36081141700,4975,0.3445112340689471
36081142900,3897,0.2047673492987579
36081143500,2364,0.1381164641717216
36081144100,2957,0.1301411379838342
36081144700,3131,0.1593775656367781
36081145101,1501,0.0972807554703407
36081145102,2597,0.1326913427413379
36081145900,2870,0.1437774940210053
36081146300,2929,0.1250847441149064
36081146700,2807,0.1369010145764723
36081147100,3239,0.1628814427260054
36081147900,4279,0.3511537356053731
36081148300,2968,0.5151120172516931
36081150701,2919,0.3386123652899704
36081150702,3049,0.3225597819443271
36081152901,6382,0.5402569203300319
36081152902,5665,0.398838510498027
36081155101,1945,0.1834556684509258
36081155103,4373,0.2837387543064821
36081155104,3616,0.272787738782322
36081156700,1470,0.56745125366618
36081157101,7561,0.473148890247222
36081157102,2109,0.1235692931424306
36081157901,5184,0.3500896380562921
36081157902,3757,0.27899626149249
36081157903,4489,0.2564316791400251
36081161700,4541,0.2711842565176873
36081162100,6682,0.2742556991892909
36081990100,0,0.0
36085000300,2348,0.1457385068844968
36085000600,2859,0.257440950182586
36085000700,5143,0.203905955382938
36085000800,6268,0.3088238115502391
36085000900,2240,0.0895282102279612
36085001100,4234,0.1255179507368472
36085001700,1865,0.1181491910401086
36085001800,495,0.3514158989710574
36085002001,2524,0.1980565076802611
36085002002,3302,0.2979739547916303
36085002100,5467,0.3337312618010435
36085002700,2049,0.0966637642209098
36085002900,6871,0.2034383856688824
36085003300,3738,0.3291424376461713
36085003600,2792,0.1579864395593692
36085003900,2179,0.2251207245889634
36085004001,2775,0.1160858611045901
36085004002,3409,0.1302608296529979
36085004003,4851,0.0754764082681445
36085004004,2807,0.1387010228398307
36085004700,3126,0.3458154871606727
36085005000,4357,0.3059952271363902
36085005901,2854,0.3617394984875046
36085005902,5,0.1737861259911343
36085006400,3698,0.2740568565776157
36085006700,2927,0.3671414537883728
36085007001,2634,0.1828031558029044
36085007002,6215,0.836608859953415
36085007400,4962,0.2089808821554783
36085007500,4200,0.1855757554037574
36085007700,1762,0.0959602860879542
36085008100,4822,0.3115218934344838
36085009601,4075,0.2997229975700545
36085009602,3767,0.2384586236575425
36085009701,4454,0.3072763140986002
36085009702,8,0.1418898405676464
36085010500,5597,0.3153319495354749
36085011201,5768,0.6208287187851221
36085011203,6791,0.3867191498419658
36085011204,46,0.3768071352265783
36085011401,3249,0.2034341385451379
36085011402,3738,0.2236612584294837
36085012100,3212,0.2864816240411235
36085012200,3938,0.3196200001088036
36085012500,3087,0.178022052773053
36085012804,4644,0.3463977292158303
36085012805,2390,0.3886535216565145
36085012806,6659,0.5094502151980922
36085013201,1659,0.1813081682448341
36085013203,5790,0.3968002772028169
36085013204,5055,0.4035512734458074
36085013301,1631,0.0259989610531455
36085013302,3733,0.327926988050922
36085013400,4204,0.3284586507233039
36085013800,6625,0.5434140776808432
36085014100,2868,0.1202167680993717
36085014604,6651,0.4359097231531306
36085014605,3785,0.3381478843931836
36085014606,6288,0.6829112431716916
36085014607,4650,0.2638931033548258
36085014608,3640,0.1732162392050518
36085014700,3451,0.643645425847148
36085015100,5449,0.3879608543839994
36085015400,5,0.8574216968123456
36085015601,6663,0.5521083260880298
36085015602,3396,0.340183801075442
36085015603,4776,0.3742360809525106
36085016901,3213,0.3179323475735956
36085017005,4845,0.5365252429672351
36085017007,5526,0.5638678395322827
36085017009,4473,0.4565036400881392
36085017011,4587,0.2777603484828353
36085017012,4473,0.3562116738829353
36085017013,4333,0.214923380478376
36085017014,4327,0.2138511747839645
36085017015,2713,0.1766892281215916
36085017016,4637,0.2553776202470675
36085017300,2535,0.1325195272807642
36085017600,4932,1.260818529394716
36085017701,4724,1.1332310710878128
36085017702,2353,0.2266191870664611
36085018100,3569,2.0072265891599015
36085018701,1836,0.1487087907905492
36085018703,3976,0.183208176967268
36085018704,3780,0.2080295264367063
36085018901,5725,0.438784253723852
36085018902,5533,0.2915368596035755
36085019700,1958,0.1158912656166595
36085019800,6627,2.1569164655354345
36085020100,3796,0.2425447428019274
36085020701,3942,0.1613011265908861
36085020702,3436,0.2092801113283875
36085020803,7348,0.8100554562005307
36085020804,5364,0.5138085363642847
36085020805,6433,0.4352487162576202
36085020806,2714,0.5674821418388674
36085021300,5737,0.3029268732820553
36085022300,3134,0.295876261763997
36085022601,6945,0.6748393914441562
36085022602,1223,2.424234295036976
36085022801,95,1.5695438848945142
36085022802,15,2.126534858880105
36085023100,4959,0.2288975759043156
36085023900,3605,0.2054383948503918
36085024401,5687,0.8116377028464429
36085024402,4381,0.7038750459746319
36085024700,2893,0.1852734374135795
36085024800,4798,0.6368967462171091
36085025100,6030,0.4523955131207147
36085027301,4811,1.169813864512297
36085027302,4242,0.3942670609402913
36085027702,6479,0.5618284479305969
36085027704,4612,0.2038727505972991
36085027705,5866,0.2052244942545315
36085027706,3043,0.1693590786407123
36085027900,2110,2.024580336780002
36085029102,3394,3.5683063425337505
36085029104,7178,0.5952015741107013
36085029105,4257,0.6208379852369283
36085029106,3231,0.1663467095993734
36085030301,5130,0.2777306186166237
36085030302,6669,0.3508753559490279
36085031901,3262,0.1498269426418332
36085031902,5500,0.2666185984923305
36085032300,1233,1.4934118751610794
36085990100,0,0.0
