tract_geoid,total_kiosks,kiosks_per_sqmi,kiosks_per_1000_pop,link_5g_count,link_1_count
36005000100,0,0.0,0.0,,
36005000200,0,0.0,0.0,,
36005000400,0,0.0,0.0,,
36005001600,0,0.0,0.0,,
36005001901,1,12.63,0.44,0.0,1.0
36005001902,0,0.0,0.0,,
36005001903,0,0.0,0.0,,
36005001904,0,0.0,0.0,,
36005002001,0,0.0,0.0,,
36005002002,0,0.0,0.0,,
36005002300,0,0.0,0.0,,
36005002400,0,0.0,0.0,,
36005002500,4,81.26,0.74,0.0,4.0
36005002701,0,0.0,0.0,,
36005002702,3,49.98,0.6,0.0,3.0
36005002800,0,0.0,0.0,,
36005003100,0,0.0,0.0,,
36005003300,0,0.0,0.0,,
36005003500,1,18.24,0.27,0.0,1.0
36005003700,0,0.0,0.0,,
36005003800,0,0.0,0.0,,
36005003900,5,59.9,0.79,0.0,5.0
36005004001,0,0.0,0.0,,
36005004100,1,14.02,0.16,0.0,1.0
36005004200,0,0.0,0.0,,
36005004300,6,68.95,1.02,0.0,6.0
36005004400,0,0.0,0.0,,
36005004600,0,0.0,0.0,,
36005004800,0,0.0,0.0,,
36005005001,0,0.0,0.0,,
36005005002,0,0.0,0.0,,
36005005100,5,25.37,0.77,0.0,5.0
36005005200,0,0.0,0.0,,
36005005300,0,0.0,0.0,,
36005005400,0,0.0,0.0,,
36005005600,0,0.0,0.0,,
36005005902,0,0.0,0.0,,
36005006000,0,0.0,0.0,,
36005006100,0,0.0,0.0,,
36005006200,0,0.0,0.0,,
36005006301,11,36.42,1.68,0.0,11.0
36005006302,0,0.0,0.0,,
36005006400,0,0.0,0.0,,
36005006500,5,49.46,0.8,0.0,5.0
36005006700,7,85.35,1.02,0.0,7.0
36005006800,0,0.0,0.0,,
36005006900,3,41.33,0.43,0.0,3.0
36005007000,0,0.0,0.0,,
36005007100,8,78.41,2.87,0.0,8.0
36005007200,0,0.0,0.0,,
36005007300,1,18.48,0.24,0.0,1.0
36005007400,0,0.0,0.0,,
36005007500,1,11.38,0.15,0.0,1.0
36005007600,0,0.0,0.0,,
36005007700,0,0.0,0.0,,
36005007800,0,0.0,0.0,,
36005007900,0,0.0,0.0,,
36005008300,4,48.43,0.65,2.0,2.0
36005008400,0,0.0,0.0,,
36005008500,4,57.03,0.68,3.0,1.0
36005008600,0,0.0,0.0,,
36005008700,5,60.63,0.84,1.0,4.0
36005008900,2,46.97,0.64,0.0,2.0
36005009000,0,0.0,0.0,,
36005009200,0,0.0,0.0,,
36005009301,2,9.08,0.36,1.0,1.0
36005009302,3,4.41,5.86,0.0,3.0
36005009600,4,14.73,1.36,4.0,0.0
36005009800,0,0.0,0.0,,
36005011000,0,0.0,0.0,,
36005011502,2,15.4,0.45,0.0,2.0
36005011701,3,35.05,1.93,1.0,2.0
36005011702,0,0.0,0.0,,
36005011800,0,0.0,0.0,,
36005011900,1,15.51,0.18,1.0,0.0
36005012101,0,0.0,0.0,,
36005012102,1,52.17,0.62,1.0,0.0
36005012300,0,0.0,0.0,,
36005012500,0,0.0,0.0,,
36005012701,2,47.65,0.92,0.0,2.0
36005012901,2,33.13,0.41,0.0,2.0
36005013000,0,0.0,0.0,,
36005013100,2,22.43,0.37,0.0,2.0
36005013200,0,0.0,0.0,,
36005013300,0,0.0,0.0,,
36005013500,0,0.0,0.0,,
36005013800,0,0.0,0.0,,
36005014100,3,43.86,0.41,0.0,3.0
36005014300,0,0.0,0.0,,
36005014400,0,0.0,0.0,,
36005014500,0,0.0,0.0,,
36005014701,0,0.0,0.0,,
36005014702,0,0.0,0.0,,
36005014900,0,0.0,0.0,,
36005015100,1,12.4,0.17,0.0,1.0
36005015200,0,0.0,0.0,,
36005015300,0,0.0,0.0,,
36005015500,0,0.0,0.0,,
36005015700,0,0.0,0.0,,
36005015800,0,0.0,0.0,,
36005015900,1,25.0,0.4,0.0,1.0
36005016000,0,0.0,0.0,,
36005016100,0,0.0,0.0,,
36005016200,0,0.0,0.0,,
36005016300,0,0.0,0.0,,
36005016400,0,0.0,0.0,,
36005016500,0,0.0,0.0,,
36005016600,0,0.0,0.0,,
36005016700,0,0.0,0.0,,
36005016900,0,0.0,0.0,,
36005017100,0,0.0,0.0,,
36005017300,1,15.67,0.16,0.0,1.0
36005017500,0,0.0,0.0,,
36005017701,0,0.0,0.0,,
36005017702,0,0.0,0.0,,
36005017901,0,0.0,0.0,,
36005017902,1,33.4,0.29,0.0,1.0
36005018101,0,0.0,0.0,,
36005018102,0,0.0,0.0,,
36005018301,0,0.0,0.0,,
36005018302,0,0.0,0.0,,
36005018400,0,0.0,0.0,,
36005018501,0,0.0,0.0,,
36005018502,0,0.0,0.0,,
36005018900,0,0.0,0.0,,
36005019300,0,0.0,0.0,,
36005019400,0,0.0,0.0,,
36005019500,4,47.12,0.53,0.0,4.0
36005019700,2,34.98,0.28,0.0,2.0
36005019900,0,0.0,0.0,,
36005020000,0,0.0,0.0,,
36005020100,0,0.0,0.0,,
36005020200,0,0.0,0.0,,
36005020400,0,0.0,0.0,,
36005020501,0,0.0,0.0,,
36005020502,0,0.0,0.0,,
36005020601,0,0.0,0.0,,
36005020900,1,19.55,0.21,0.0,1.0
36005021001,0,0.0,0.0,,
36005021002,0,0.0,0.0,,
36005021100,0,0.0,0.0,,
36005021200,0,0.0,0.0,,
36005021301,2,83.48,1.58,1.0,1.0
36005021302,0,0.0,0.0,,
36005021501,0,0.0,0.0,,
36005021502,4,66.53,0.63,2.0,2.0
36005021601,0,0.0,0.0,,
36005021602,0,0.0,0.0,,
36005021700,1,16.04,0.2,0.0,1.0
36005021800,0,0.0,0.0,,
36005021900,1,18.12,0.85,0.0,1.0
36005022000,0,0.0,0.0,,
36005022101,0,0.0,0.0,,
36005022102,1,33.08,0.18,0.0,1.0
36005022200,0,0.0,0.0,,
36005022300,1,27.92,0.2,0.0,1.0
36005022401,0,0.0,0.0,,
36005022403,0,0.0,0.0,,
36005022404,0,0.0,0.0,,
36005022500,0,0.0,0.0,,
36005022701,2,44.2,0.35,0.0,2.0
36005022702,1,54.67,0.61,0.0,1.0
36005022703,0,0.0,0.0,,
36005022800,0,0.0,0.0,,
36005022901,0,0.0,0.0,,
36005022902,0,0.0,0.0,,
36005023000,0,0.0,0.0,,
36005023100,4,88.44,2.73,0.0,4.0
36005023200,0,0.0,0.0,,
36005023301,5,108.72,1.09,0.0,5.0
36005023302,0,0.0,0.0,,
36005023501,0,0.0,0.0,,
36005023502,2,53.82,0.45,2.0,0.0
36005023600,0,0.0,0.0,,
36005023702,3,162.24,2.54,0.0,3.0
36005023703,3,77.24,0.59,0.0,3.0
36005023704,1,38.39,0.25,0.0,1.0
36005023800,0,0.0,0.0,,
36005023900,5,72.55,0.61,1.0,4.0
36005024000,0,0.0,0.0,,
36005024100,5,96.17,0.79,0.0,5.0
36005024300,3,51.65,0.54,0.0,3.0
36005024400,0,0.0,0.0,,
36005024501,0,0.0,0.0,,
36005024502,2,51.72,0.53,1.0,1.0
36005024600,0,0.0,0.0,,
36005024700,0,0.0,0.0,,
36005024800,0,0.0,0.0,,
36005024900,0,0.0,0.0,,
36005025000,0,0.0,0.0,,
36005025100,2,24.75,0.29,0.0,2.0
36005025200,0,0.0,0.0,,
36005025300,2,41.62,0.32,0.0,2.0
36005025400,0,0.0,0.0,,
36005025500,1,15.36,0.12,0.0,1.0
36005025600,0,0.0,0.0,,
36005025700,0,0.0,0.0,,
36005026100,0,0.0,0.0,,
36005026300,2,32.62,0.29,0.0,2.0
36005026400,0,0.0,0.0,,
36005026500,5,64.07,0.7,0.0,5.0
36005026601,0,0.0,0.0,,
36005026602,0,0.0,0.0,,
36005026701,1,37.47,0.25,0.0,1.0
36005026702,0,0.0,0.0,,
36005026900,0,0.0,0.0,,
36005027300,0,0.0,0.0,,
36005027401,0,0.0,0.0,,
36005027402,0,0.0,0.0,,
36005027600,0,0.0,0.0,,
36005027700,0,0.0,0.0,,
36005027900,0,0.0,0.0,,
36005028100,0,0.0,0.0,,
36005028300,0,0.0,0.0,,
36005028400,0,0.0,0.0,,
36005028500,0,0.0,0.0,,
36005028600,0,0.0,0.0,,
36005028700,0,0.0,0.0,,
36005028800,0,0.0,0.0,,
36005028900,0,0.0,0.0,,
36005029301,0,0.0,0.0,,
36005029302,0,0.0,0.0,,
36005029500,0,0.0,0.0,,
36005029600,0,0.0,0.0,,
36005029700,0,0.0,0.0,,
36005030000,0,0.0,0.0,,
36005030100,0,0.0,0.0,,
36005030201,0,0.0,0.0,,
36005030202,0,0.0,0.0,,
36005030701,0,0.0,0.0,,
36005030900,0,0.0,0.0,,
36005031000,0,0.0,0.0,,
36005031200,0,0.0,0.0,,
36005031400,0,0.0,0.0,,
36005031600,0,0.0,0.0,,
36005031800,0,0.0,0.0,,
36005031900,0,0.0,0.0,,
36005032300,0,0.0,0.0,,
36005032400,0,0.0,0.0,,
36005032600,0,0.0,0.0,,
36005032800,0,0.0,0.0,,
36005033000,0,0.0,0.0,,
36005033201,0,0.0,0.0,,
36005033202,0,0.0,0.0,,
36005033400,0,0.0,0.0,,
36005033500,0,0.0,0.0,,
36005033601,2,40.47,0.46,2.0,0.0
36005033602,0,0.0,0.0,,
36005033700,0,0.0,0.0,,
36005033801,0,0.0,0.0,,
36005033802,0,0.0,0.0,,
36005034000,0,0.0,0.0,,
36005034200,0,0.0,0.0,,
36005034300,0,0.0,0.0,,
36005034400,0,0.0,0.0,,
36005034500,0,0.0,0.0,,
36005034800,0,0.0,0.0,,
36005035000,0,0.0,0.0,,
36005035100,0,0.0,0.0,,
36005035600,0,0.0,0.0,,
36005035800,0,0.0,0.0,,
36005035900,0,0.0,0.0,,
36005036000,0,0.0,0.0,,
36005036100,0,0.0,0.0,,
36005036300,0,0.0,0.0,,
36005036400,0,0.0,0.0,,
36005036501,0,0.0,0.0,,
36005036502,1,26.52,0.41,0.0,1.0
36005036700,0,0.0,0.0,,
36005036800,0,0.0,0.0,,
36005036901,0,0.0,0.0,,
36005036902,0,0.0,0.0,,
36005037000,0,0.0,0.0,,
36005037100,0,0.0,0.0,,
36005037200,0,0.0,0.0,,
36005037300,1,14.93,0.16,0.0,1.0
36005037400,0,0.0,0.0,,
36005037504,1,10.8,0.25,0.0,1.0
36005037600,0,0.0,0.0,,
36005037800,0,0.0,0.0,,
36005037900,6,81.22,0.87,4.0,2.0
36005038000,0,0.0,0.0,,
36005038100,1,17.09,0.15,0.0,1.0
36005038200,0,0.0,0.0,,
36005038301,1,27.33,0.22,0.0,1.0
36005038303,2,67.89,0.58,1.0,1.0
36005038304,0,0.0,0.0,,
36005038500,0,0.0,0.0,,
36005038600,0,0.0,0.0,,
36005038700,0,0.0,0.0,,
36005038800,0,0.0,0.0,,
36005038900,0,0.0,0.0,,
36005039000,0,0.0,0.0,,
36005039100,0,0.0,0.0,,
36005039200,0,0.0,0.0,,
36005039300,0,0.0,0.0,,
36005039400,0,0.0,0.0,,
36005039500,2,12.65,0.47,0.0,2.0
36005039600,0,0.0,0.0,,
36005039700,1,4.93,0.22,1.0,0.0
36005039800,0,0.0,0.0,,
36005039901,4,68.31,0.76,0.0,4.0
36005039902,4,85.34,0.72,0.0,4.0
36005040100,6,91.18,1.2,0.0,6.0
36005040302,0,0.0,0.0,,
36005040303,0,0.0,0.0,,
36005040304,1,38.45,0.24,0.0,1.0
36005040400,0,0.0,0.0,,
36005040501,0,0.0,0.0,,
36005040502,0,0.0,0.0,,
36005040600,0,0.0,0.0,,
36005040701,1,44.47,0.31,1.0,0.0
36005040702,3,42.65,0.43,1.0,2.0
36005040800,0,0.0,0.0,,
36005040900,0,0.0,0.0,,
36005041100,1,21.3,0.31,0.0,1.0
36005041300,0,0.0,0.0,,
36005041400,0,0.0,0.0,,
36005041500,0,0.0,0.0,,
36005041800,0,0.0,0.0,,
36005041900,2,15.89,0.28,0.0,2.0
36005042000,0,0.0,0.0,,
36005042100,0,0.0,0.0,,
36005042200,0,0.0,0.0,,
36005042300,0,0.0,0.0,,
36005042400,0,0.0,0.0,,
36005042500,6,52.89,0.78,1.0,5.0
36005042600,0,0.0,0.0,,
36005042800,0,0.0,0.0,,
36005042901,0,0.0,0.0,,
36005042902,0,0.0,0.0,,
36005043000,0,0.0,0.0,,
36005043101,1,25.15,0.19,1.0,0.0
36005043102,3,69.63,0.59,3.0,0.0
36005043400,0,0.0,0.0,,
36005043501,0,0.0,0.0,,
36005043502,0,0.0,0.0,,
36005043503,0,0.0,0.0,,
36005043600,0,0.0,0.0,,
36005044200,0,0.0,0.0,,
36005044400,0,0.0,0.0,,
36005044800,0,0.0,0.0,,
36005044901,0,0.0,0.0,,
36005044902,0,0.0,0.0,,
36005045101,0,0.0,0.0,,
36005045102,0,0.0,0.0,,
36005045600,0,0.0,0.0,,
36005045800,0,0.0,0.0,,
36005046000,0,0.0,0.0,,
36005046203,0,0.0,0.0,,
36005046204,0,0.0,0.0,,
36005046205,0,0.0,0.0,,
36005046206,0,0.0,0.0,,
36005046207,0,0.0,0.0,,
36005046208,0,0.0,0.0,,
36005046209,0,0.0,0.0,,
36005048401,0,0.0,0.0,,
36005048402,0,0.0,0.0,,
36005050400,0,0.0,0.0,,
36005051601,0,0.0,0.0,,
36005051602,0,0.0,0.0,,
36047000100,2,24.93,0.43,0.0,2.0
36047000200,2,18.71,1.66,2.0,0.0
36047000301,0,0.0,0.0,,
36047000501,1,30.93,0.23,0.0,1.0
36047000502,2,53.51,0.76,0.0,2.0
36047000700,0,0.0,0.0,,
36047000900,1,15.84,0.19,1.0,0.0
36047001100,1,15.37,0.63,0.0,1.0
36047001300,0,0.0,0.0,,
36047001501,0,0.0,0.0,,
36047001502,1,18.22,0.17,0.0,1.0
36047001801,0,0.0,0.0,,
36047001802,1,4.33,166.67,0.0,1.0
36047001803,0,0.0,0.0,,
36047001804,0,0.0,0.0,,
36047002000,0,0.0,0.0,,
36047002100,0,0.0,0.0,,
36047002200,0,0.0,0.0,,
36047002300,0,0.0,0.0,,
36047002901,0,0.0,0.0,,
36047003000,0,0.0,0.0,,
36047003101,0,0.0,0.0,,
36047003102,0,0.0,0.0,,
36047003300,3,47.21,0.62,0.0,3.0
36047003400,0,0.0,0.0,,
36047003500,1,19.47,0.42,0.0,1.0
36047003600,0,0.0,0.0,,
36047003700,8,124.48,1.75,1.0,7.0
36047003800,0,0.0,0.0,,
36047003900,2,33.01,0.76,0.0,2.0
36047004100,2,31.97,0.59,0.0,2.0
36047004300,3,46.98,0.79,0.0,3.0
36047004400,0,0.0,0.0,,
36047004500,0,0.0,0.0,,
36047004600,0,0.0,0.0,,
36047004700,0,0.0,0.0,,
36047004900,0,0.0,0.0,,
36047005000,0,0.0,0.0,,
36047005100,0,0.0,0.0,,
36047005201,0,0.0,0.0,,
36047005202,0,0.0,0.0,,
36047005301,13,58.51,6.01,13.0,0.0
36047005302,0,0.0,0.0,,
36047005303,3,26.13,0.0,3.0,0.0
36047005400,0,0.0,0.0,,
36047005601,0,0.0,0.0,,
36047005602,0,0.0,0.0,,
36047005800,0,0.0,0.0,,
36047005900,0,0.0,0.0,,
36047006000,0,0.0,0.0,,
36047006200,0,0.0,0.0,,
36047006300,0,0.0,0.0,,
36047006400,0,0.0,0.0,,
36047006500,0,0.0,0.0,,
36047006600,0,0.0,0.0,,
36047006700,1,16.59,0.28,0.0,1.0
36047006800,0,0.0,0.0,,
36047006901,2,69.59,1.23,0.0,2.0
36047006902,3,74.25,1.53,0.0,3.0
36047007000,0,0.0,0.0,,
36047007100,0,0.0,0.0,,
36047007200,0,0.0,0.0,,
36047007400,0,0.0,0.0,,
36047007500,5,45.79,1.07,0.0,5.0
36047007600,0,0.0,0.0,,
36047007700,0,0.0,0.0,,
36047007800,0,0.0,0.0,,
36047008000,0,0.0,0.0,,
36047008200,1,18.54,0.25,0.0,1.0
36047008400,3,31.86,0.91,0.0,3.0
36047008500,0,0.0,0.0,,
36047008600,0,0.0,0.0,,
36047008800,0,0.0,0.0,,
36047009001,0,0.0,0.0,,
36047009002,0,0.0,0.0,,
36047009201,0,0.0,0.0,,
36047009202,0,0.0,0.0,,
36047009401,0,0.0,0.0,,
36047009402,0,0.0,0.0,,
36047009600,0,0.0,0.0,,
36047009800,0,0.0,0.0,,
36047010000,0,0.0,0.0,,
36047010100,7,57.6,1.53,0.0,7.0
36047010200,0,0.0,0.0,,
36047010401,0,0.0,0.0,,
36047010402,0,0.0,0.0,,
36047010601,0,0.0,0.0,,
36047010602,0,0.0,0.0,,
36047010801,0,0.0,0.0,,
36047010802,0,0.0,0.0,,
36047011000,0,0.0,0.0,,
36047011200,1,15.12,0.15,1.0,0.0
36047011400,0,0.0,0.0,,
36047011600,0,0.0,0.0,,
36047011700,1,12.87,0.37,0.0,1.0
36047011800,0,0.0,0.0,,
36047011901,0,0.0,0.0,,
36047011902,0,0.0,0.0,,
36047012000,0,0.0,0.0,,
36047012100,0,0.0,0.0,,
36047012200,0,0.0,0.0,,
36047012600,0,0.0,0.0,,
36047012700,0,0.0,0.0,,
36047012801,0,0.0,0.0,,
36047012901,3,60.43,1.29,0.0,3.0
36047012902,3,57.39,0.9,0.0,3.0
36047013000,0,0.0,0.0,,
36047013100,2,33.12,0.5,0.0,2.0
36047013200,0,0.0,0.0,,
36047013300,2,34.88,0.45,0.0,2.0
36047013400,0,0.0,0.0,,
36047013500,3,51.16,0.79,0.0,3.0
36047013600,0,0.0,0.0,,
36047013700,1,16.99,0.29,0.0,1.0
36047013800,0,0.0,0.0,,
36047013900,4,68.46,1.07,0.0,4.0
36047014000,0,0.0,0.0,,
36047014101,3,102.43,1.85,0.0,3.0
36047014102,1,28.9,0.54,0.0,1.0
36047014200,0,0.0,0.0,,
36047014300,3,35.77,0.81,0.0,3.0
36047014500,1,11.96,0.23,0.0,1.0
36047014700,0,0.0,0.0,,
36047014800,0,0.0,0.0,,
36047014901,0,0.0,0.0,,
36047014902,0,0.0,0.0,,
36047015000,0,0.0,0.0,,
36047015100,0,0.0,0.0,,
36047015200,0,0.0,0.0,,
36047015300,0,0.0,0.0,,
36047015400,0,0.0,0.0,,
36047015500,0,0.0,0.0,,
36047015700,0,0.0,0.0,,
36047015900,1,10.32,0.19,0.0,1.0
36047016000,0,0.0,0.0,,
36047016100,6,85.2,1.74,0.0,6.0
36047016200,0,0.0,0.0,,
36047016300,1,14.07,0.24,0.0,1.0
36047016400,0,0.0,0.0,,
36047016500,0,0.0,0.0,,
36047016600,0,0.0,0.0,,
36047016700,0,0.0,0.0,,
36047016800,0,0.0,0.0,,
36047016900,0,0.0,0.0,,
36047017000,0,0.0,0.0,,
36047017100,0,0.0,0.0,,
36047017200,0,0.0,0.0,,
36047017400,0,0.0,0.0,,
36047017500,0,0.0,0.0,,
36047017600,0,0.0,0.0,,
36047017700,0,0.0,0.0,,
36047017800,0,0.0,0.0,,
36047017900,1,16.36,0.26,0.0,1.0
36047018000,0,0.0,0.0,,
36047018100,1,15.29,0.24,0.0,1.0
36047018200,0,0.0,0.0,,
36047018300,0,0.0,0.0,,
36047018400,0,0.0,0.0,,
36047018501,0,0.0,0.0,,
36047018600,0,0.0,0.0,,
36047018700,1,30.2,0.75,1.0,0.0
36047018800,0,0.0,0.0,,
36047019000,0,0.0,0.0,,
36047019100,1,10.2,0.29,1.0,0.0
36047019200,0,0.0,0.0,,
36047019300,0,0.0,0.0,,
36047019400,0,0.0,0.0,,
36047019500,0,0.0,0.0,,
36047019600,0,0.0,0.0,,
36047019700,0,0.0,0.0,,
36047019800,0,0.0,0.0,,
36047019900,2,27.42,0.5,0.0,2.0
36047020000,0,0.0,0.0,,
36047020100,3,44.3,0.78,0.0,3.0
36047020200,0,0.0,0.0,,
36047020300,3,55.17,1.41,0.0,3.0
36047020400,0,0.0,0.0,,
36047020500,2,32.43,0.59,0.0,2.0
36047020600,0,0.0,0.0,,
36047020700,0,0.0,0.0,,
36047020800,0,0.0,0.0,,
36047021000,0,0.0,0.0,,
36047021100,0,0.0,0.0,,
36047021200,0,0.0,0.0,,
36047021300,3,42.19,0.77,0.0,3.0
36047021400,0,0.0,0.0,,
36047021500,2,34.01,0.36,0.0,2.0
36047021600,0,0.0,0.0,,
36047021700,3,64.92,0.69,0.0,3.0
36047021800,0,0.0,0.0,,
36047021900,0,0.0,0.0,,
36047022000,1,13.33,0.18,0.0,1.0
36047022100,1,17.03,0.26,0.0,1.0
36047022200,0,0.0,0.0,,
36047022400,0,0.0,0.0,,
36047022600,0,0.0,0.0,,
36047022700,4,43.04,0.89,0.0,4.0
36047022800,0,0.0,0.0,,
36047022900,1,15.07,0.25,1.0,0.0
36047023000,0,0.0,0.0,,
36047023100,0,0.0,0.0,,
36047023200,0,0.0,0.0,,
36047023300,0,0.0,0.0,,
36047023400,0,0.0,0.0,,
36047023500,0,0.0,0.0,,
36047023600,0,0.0,0.0,,
36047023800,0,0.0,0.0,,
36047024000,0,0.0,0.0,,
36047024100,0,0.0,0.0,,
36047024200,0,0.0,0.0,,
36047024300,0,0.0,0.0,,
36047024400,0,0.0,0.0,,
36047024500,1,15.52,0.23,0.0,1.0
36047024600,0,0.0,0.0,,
36047024700,3,43.23,1.06,0.0,3.0
36047024800,0,0.0,0.0,,
36047024900,0,0.0,0.0,,
36047025000,0,0.0,0.0,,
36047025100,0,0.0,0.0,,
36047025200,0,0.0,0.0,,
36047025300,0,0.0,0.0,,
36047025400,0,0.0,0.0,,
36047025500,0,0.0,0.0,,
36047025600,0,0.0,0.0,,
36047025700,0,0.0,0.0,,
36047025800,0,0.0,0.0,,
36047025901,0,0.0,0.0,,
36047025902,0,0.0,0.0,,
36047026000,0,0.0,0.0,,
36047026100,0,0.0,0.0,,
36047026200,0,0.0,0.0,,
36047026300,0,0.0,0.0,,
36047026400,0,0.0,0.0,,
36047026500,0,0.0,0.0,,
36047026600,0,0.0,0.0,,
36047026700,0,0.0,0.0,,
36047026800,0,0.0,0.0,,
36047026900,3,58.01,1.0,0.0,3.0
36047027000,0,0.0,0.0,,
36047027100,3,31.67,0.86,0.0,3.0
36047027200,0,0.0,0.0,,
36047027300,1,17.3,0.32,0.0,1.0
36047027400,0,0.0,0.0,,
36047027500,0,0.0,0.0,,
36047027600,0,0.0,0.0,,
36047027700,0,0.0,0.0,,
36047027800,0,0.0,0.0,,
36047027900,0,0.0,0.0,,
36047028000,0,0.0,0.0,,
36047028100,0,0.0,0.0,,
36047028200,0,0.0,0.0,,
36047028300,0,0.0,0.0,,
36047028400,0,0.0,0.0,,
36047028501,1,31.12,1.57,0.0,1.0
36047028502,0,0.0,0.0,,
36047028600,0,0.0,0.0,,
36047028700,0,0.0,0.0,,
36047028800,0,0.0,0.0,,
36047028900,0,0.0,0.0,,
36047029000,0,0.0,0.0,,
36047029100,0,0.0,0.0,,
36047029200,0,0.0,0.0,,
36047029300,0,0.0,0.0,,
36047029400,0,0.0,0.0,,
36047029500,0,0.0,0.0,,
36047029600,0,0.0,0.0,,
36047029700,1,12.6,0.26,0.0,1.0
36047029800,0,0.0,0.0,,
36047029900,1,18.21,0.4,0.0,1.0
36047030000,0,0.0,0.0,,
36047030100,2,26.64,0.67,1.0,1.0
36047030200,0,0.0,0.0,,
36047030300,2,20.43,0.4,0.0,2.0
36047030400,0,0.0,0.0,,
36047030500,2,16.06,0.28,0.0,2.0
36047030600,0,0.0,0.0,,
36047030700,0,0.0,0.0,,
36047030800,0,0.0,0.0,,
36047030900,0,0.0,0.0,,
36047031100,0,0.0,0.0,,
36047031300,0,0.0,0.0,,
36047031401,0,0.0,0.0,,
36047031402,0,0.0,0.0,,
36047031500,5,71.87,0.89,0.0,5.0
36047031701,2,37.07,0.5,0.0,2.0
36047031702,4,74.11,1.08,0.0,4.0
36047031900,2,34.23,0.58,0.0,2.0
36047032100,4,64.71,0.73,0.0,4.0
36047032300,3,44.9,0.85,3.0,0.0
36047032500,2,30.76,0.32,0.0,2.0
36047032600,0,0.0,0.0,,
36047032700,0,0.0,0.0,,
36047032800,0,0.0,0.0,,
36047032900,2,33.12,0.35,0.0,2.0
36047033000,0,0.0,0.0,,
36047033100,1,18.18,0.24,0.0,1.0
36047033300,0,0.0,0.0,,
36047033500,1,14.33,0.31,0.0,1.0
36047033600,0,0.0,0.0,,
36047033701,0,0.0,0.0,,
36047033702,0,0.0,0.0,,
36047033900,0,0.0,0.0,,
36047034000,0,0.0,0.0,,
36047034100,0,0.0,0.0,,
36047034200,0,0.0,0.0,,
36047034300,0,0.0,0.0,,
36047034500,0,0.0,0.0,,
36047034700,0,0.0,0.0,,
36047034800,0,0.0,0.0,,
36047034901,0,0.0,0.0,,
36047034902,1,27.77,0.3,0.0,1.0
36047035000,0,0.0,0.0,,
36047035101,0,0.0,0.0,,
36047035102,0,0.0,0.0,,
36047035200,0,0.0,0.0,,
36047035301,0,0.0,0.0,,
36047035302,0,0.0,0.0,,
36047035400,1,6.85,0.18,1.0,0.0
36047035500,1,18.71,0.19,1.0,0.0
36047035601,0,0.0,0.0,,
36047035602,0,0.0,0.0,,
36047035701,0,0.0,0.0,,
36047035702,0,0.0,0.0,,
36047035900,0,0.0,0.0,,
36047036001,0,0.0,0.0,,
36047036002,0,0.0,0.0,,
36047036100,0,0.0,0.0,,
36047036200,0,0.0,0.0,,
36047036300,1,9.97,0.19,1.0,0.0
36047036400,0,0.0,0.0,,
36047036501,0,0.0,0.0,,
36047036502,0,0.0,0.0,,
36047036600,0,0.0,0.0,,
36047036700,5,70.78,2.78,0.0,5.0
36047036900,3,34.27,0.49,0.0,3.0
36047037000,0,0.0,0.0,,
36047037100,2,27.36,0.44,0.0,2.0
36047037300,0,0.0,0.0,,
36047037401,0,0.0,0.0,,
36047037402,0,0.0,0.0,,
36047037500,0,0.0,0.0,,
36047037700,0,0.0,0.0,,
36047037900,2,28.19,0.52,0.0,2.0
36047038100,2,21.63,0.38,0.0,2.0
36047038200,0,0.0,0.0,,
36047038300,0,0.0,0.0,,
36047038500,0,0.0,0.0,,
36047038600,0,0.0,0.0,,
36047038700,0,0.0,0.0,,
36047038800,0,0.0,0.0,,
36047038900,4,63.59,1.12,0.0,4.0
36047039000,0,0.0,0.0,,
36047039100,3,46.76,0.52,2.0,1.0
36047039200,0,0.0,0.0,,
36047039300,0,0.0,0.0,,
36047039400,0,0.0,0.0,,
36047039500,0,0.0,0.0,,
36047039600,0,0.0,0.0,,
36047039700,1,16.27,0.26,0.0,1.0
36047039800,0,0.0,0.0,,
36047039900,0,0.0,0.0,,
36047040000,0,0.0,0.0,,
36047040100,0,0.0,0.0,,
36047040200,0,0.0,0.0,,
36047040300,0,0.0,0.0,,
36047040400,0,0.0,0.0,,
36047040500,0,0.0,0.0,,
36047040600,0,0.0,0.0,,
36047040700,0,0.0,0.0,,
36047040800,0,0.0,0.0,,
36047040900,0,0.0,0.0,,
36047041000,0,0.0,0.0,,
36047041100,0,0.0,0.0,,
36047041200,0,0.0,0.0,,
36047041300,0,0.0,0.0,,
36047041401,0,0.0,0.0,,
36047041402,0,0.0,0.0,,
36047041500,0,0.0,0.0,,
36047041600,0,0.0,0.0,,
36047041700,1,18.35,0.3,0.0,1.0
36047041800,0,0.0,0.0,,
36047041900,1,16.93,0.26,0.0,1.0
36047042000,0,0.0,0.0,,
36047042100,1,16.89,0.21,0.0,1.0
36047042200,0,0.0,0.0,,
36047042300,1,14.21,0.22,0.0,1.0
36047042400,0,0.0,0.0,,
36047042500,0,0.0,0.0,,
36047042600,0,0.0,0.0,,
36047042700,0,0.0,0.0,,
36047042800,0,0.0,0.0,,
36047042900,0,0.0,0.0,,
36047043000,0,0.0,0.0,,
36047043100,4,61.59,0.82,1.0,3.0
36047043200,0,0.0,0.0,,
36047043300,1,15.39,0.26,1.0,0.0
36047043400,0,0.0,0.0,,
36047043500,2,30.8,0.42,0.0,2.0
36047043600,0,0.0,0.0,,
36047043700,1,15.4,0.19,0.0,1.0
36047043800,0,0.0,0.0,,
36047043900,4,51.8,0.98,3.0,1.0
36047044000,0,0.0,0.0,,
36047044100,0,0.0,0.0,,
36047044200,0,0.0,0.0,,
36047044300,1,15.44,0.19,1.0,0.0
36047044400,0,0.0,0.0,,
36047044500,1,15.26,0.24,1.0,0.0
36047044600,0,0.0,0.0,,
36047044700,3,47.72,1.22,1.0,2.0
36047044800,0,0.0,0.0,,
36047044901,0,0.0,0.0,,
36047044902,1,1.47,22.73,1.0,0.0
36047045000,0,0.0,0.0,,
36047045200,0,0.0,0.0,,
36047045300,0,0.0,0.0,,
36047045400,0,0.0,0.0,,
36047045600,0,0.0,0.0,,
36047045800,0,0.0,0.0,,
36047046000,0,0.0,0.0,,
36047046201,0,0.0,0.0,,
36047046202,0,0.0,0.0,,
36047046400,0,0.0,0.0,,
36047046800,0,0.0,0.0,,
36047047000,0,0.0,0.0,,
36047047200,0,0.0,0.0,,
36047047400,0,0.0,0.0,,
36047047600,0,0.0,0.0,,
36047047700,0,0.0,0.0,,
36047047800,0,0.0,0.0,,
36047048000,0,0.0,0.0,,
36047048100,0,0.0,0.0,,
36047048200,0,0.0,0.0,,
36047048400,0,0.0,0.0,,
36047048500,0,0.0,0.0,,
36047048600,0,0.0,0.0,,
36047048800,0,0.0,0.0,,
36047048900,0,0.0,0.0,,
36047049000,0,0.0,0.0,,
36047049100,10,121.5,1.57,0.0,10.0
36047049200,0,0.0,0.0,,
36047049301,1,38.19,0.53,0.0,1.0
36047049302,0,0.0,0.0,,
36047049400,0,0.0,0.0,,
36047049500,1,20.06,0.32,0.0,1.0
36047049600,0,0.0,0.0,,
36047049700,2,31.46,0.64,0.0,2.0
36047049800,0,0.0,0.0,,
36047049900,3,54.83,1.4,0.0,3.0
36047050001,0,0.0,0.0,,
36047050002,0,0.0,0.0,,
36047050100,2,30.0,0.68,0.0,2.0
36047050202,0,0.0,0.0,,
36047050300,0,0.0,0.0,,
36047050401,0,0.0,0.0,,
36047050402,0,0.0,0.0,,
36047050500,2,30.58,0.44,0.0,2.0
36047050600,0,0.0,0.0,,
36047050700,0,0.0,0.0,,
36047050801,0,0.0,0.0,,
36047050803,0,0.0,0.0,,
36047050804,0,0.0,0.0,,
36047050900,0,0.0,0.0,,
36047051001,2,67.32,0.53,0.0,2.0
36047051002,0,0.0,0.0,,
36047051100,1,16.29,0.22,0.0,1.0
36047051200,2,37.0,0.34,2.0,0.0
36047051300,4,40.14,0.72,0.0,4.0
36047051400,1,14.3,0.14,0.0,1.0
36047051500,0,0.0,0.0,,
36047051601,0,0.0,0.0,,
36047051602,2,56.84,0.52,0.0,2.0
36047051700,1,13.82,0.38,0.0,1.0
36047051800,0,0.0,0.0,,
36047051900,1,9.42,0.16,0.0,1.0
36047052000,0,0.0,0.0,,
36047052300,3,53.6,0.56,2.0,1.0
36047052500,1,20.86,0.27,0.0,1.0
36047052600,0,0.0,0.0,,
36047052700,3,40.89,0.5,0.0,3.0
36047052800,0,0.0,0.0,,
36047052900,0,0.0,0.0,,
36047053000,0,0.0,0.0,,
36047053101,0,0.0,0.0,,
36047053102,0,0.0,0.0,,
36047053200,0,0.0,0.0,,
36047053300,0,0.0,0.0,,
36047053400,0,0.0,0.0,,
36047053500,0,0.0,0.0,,
36047053700,0,0.0,0.0,,
36047053800,0,0.0,0.0,,
36047053900,0,0.0,0.0,,
36047054200,0,0.0,0.0,,
36047054300,0,0.0,0.0,,
36047054400,0,0.0,0.0,,
36047054500,0,0.0,0.0,,
36047054600,0,0.0,0.0,,
36047054700,0,0.0,0.0,,
36047054800,0,0.0,0.0,,
36047054900,2,26.5,0.42,0.0,2.0
36047055000,0,0.0,0.0,,
36047055100,2,22.37,0.32,0.0,2.0
36047055200,0,0.0,0.0,,
36047055300,4,66.29,1.3,0.0,4.0
36047055400,0,0.0,0.0,,
36047055500,7,69.29,0.81,1.0,6.0
36047055600,0,0.0,0.0,,
36047055700,4,36.67,2.16,0.0,4.0
36047055800,0,0.0,0.0,,
36047056000,0,0.0,0.0,,
36047056100,1,7.65,0.29,0.0,1.0
36047056200,0,0.0,0.0,,
36047056301,2,28.86,0.41,0.0,2.0
36047056302,1,13.58,0.5,0.0,1.0
36047056400,0,0.0,0.0,,
36047056500,0,0.0,0.0,,
36047056600,0,0.0,0.0,,
36047056800,0,0.0,0.0,,
36047056900,4,80.97,2.46,0.0,4.0
36047057000,0,0.0,0.0,,
36047057100,0,0.0,0.0,,
36047057200,0,0.0,0.0,,
36047057300,0,0.0,0.0,,
36047057400,0,0.0,0.0,,
36047057500,1,14.28,0.2,0.0,1.0
36047057600,0,0.0,0.0,,
36047057800,0,0.0,0.0,,
36047057901,0,0.0,0.0,,
36047057902,0,0.0,0.0,,
36047058000,0,0.0,0.0,,
36047058200,1,16.03,0.33,1.0,0.0
36047058400,0,0.0,0.0,,
36047058600,0,0.0,0.0,,
36047058800,0,0.0,0.0,,
36047058901,0,0.0,0.0,,
36047058902,0,0.0,0.0,,
36047059000,0,0.0,0.0,,
36047059100,0,0.0,0.0,,
36047059200,0,0.0,0.0,,
36047059300,0,0.0,0.0,,
36047059402,0,0.0,0.0,,
36047059403,0,0.0,0.0,,
36047059404,0,0.0,0.0,,
36047059600,0,0.0,0.0,,
36047059800,0,0.0,0.0,,
36047060000,0,0.0,0.0,,
36047060600,0,0.0,0.0,,
36047060800,0,0.0,0.0,,
36047061002,0,0.0,0.0,,
36047061003,0,0.0,0.0,,
36047061004,0,0.0,0.0,,
36047061200,0,0.0,0.0,,
36047061600,0,0.0,0.0,,
36047062000,0,0.0,0.0,,
36047062200,0,0.0,0.0,,
36047062600,0,0.0,0.0,,
36047062800,0,0.0,0.0,,
36047063200,0,0.0,0.0,,
36047063600,0,0.0,0.0,,
36047063800,0,0.0,0.0,,
36047064000,0,0.0,0.0,,
36047064200,0,0.0,0.0,,
36047064400,0,0.0,0.0,,
36047064600,0,0.0,0.0,,
36047064800,0,0.0,0.0,,
36047065000,0,0.0,0.0,,
36047065200,0,0.0,0.0,,
36047065400,0,0.0,0.0,,
36047065600,0,0.0,0.0,,
36047065800,0,0.0,0.0,,
36047066000,0,0.0,0.0,,
36047066200,0,0.0,0.0,,
36047066600,0,0.0,0.0,,
36047067000,0,0.0,0.0,,
36047067200,0,0.0,0.0,,
36047067400,0,0.0,0.0,,
36047067600,0,0.0,0.0,,
36047067800,0,0.0,0.0,,
36047068000,0,0.0,0.0,,
36047068200,0,0.0,0.0,,
36047068600,1,17.5,0.57,1.0,0.0
36047068800,0,0.0,0.0,,
36047069000,0,0.0,0.0,,
36047069200,0,0.0,0.0,,
36047069601,0,0.0,0.0,,
36047069602,3,11.29,0.48,3.0,0.0
36047069800,1,5.18,0.71,1.0,0.0
36047070000,0,0.0,0.0,,
36047070201,0,0.0,0.0,,
36047070202,0,0.0,0.0,,
36047070203,0,0.0,0.0,,
36047070601,0,0.0,0.0,,
36047070602,0,0.0,0.0,,
36047072000,0,0.0,0.0,,
36047072200,0,0.0,0.0,,
36047072400,0,0.0,0.0,,
36047072600,0,0.0,0.0,,
36047072800,0,0.0,0.0,,
36047073000,0,0.0,0.0,,
36047073200,0,0.0,0.0,,
36047073400,0,0.0,0.0,,
36047073600,0,0.0,0.0,,
36047073800,0,0.0,0.0,,
36047074000,0,0.0,0.0,,
36047074200,0,0.0,0.0,,
36047074400,0,0.0,0.0,,
36047074600,0,0.0,0.0,,
36047074800,0,0.0,0.0,,
36047075000,0,0.0,0.0,,
36047075200,0,0.0,0.0,,
36047075400,0,0.0,0.0,,
36047075600,0,0.0,0.0,,
36047075800,0,0.0,0.0,,
36047076000,0,0.0,0.0,,
36047076200,0,0.0,0.0,,
36047076400,0,0.0,0.0,,
36047076600,0,0.0,0.0,,
36047076800,0,0.0,0.0,,
36047077000,0,0.0,0.0,,
36047077200,0,0.0,0.0,,
36047077400,2,35.06,0.66,2.0,0.0
36047077600,0,0.0,0.0,,
36047078000,0,0.0,0.0,,
36047078200,0,0.0,0.0,,
36047078400,0,0.0,0.0,,
36047078601,1,29.72,0.42,0.0,1.0
36047078602,0,0.0,0.0,,
36047078801,0,0.0,0.0,,
36047078802,0,0.0,0.0,,
36047079001,0,0.0,0.0,,
36047079002,1,21.14,0.27,0.0,1.0
36047079201,1,23.82,0.57,0.0,1.0
36047079202,0,0.0,0.0,,
36047079400,6,69.94,2.19,0.0,6.0
36047079601,0,0.0,0.0,,
36047079602,2,38.37,0.45,0.0,2.0
36047079801,2,39.94,0.68,0.0,2.0
36047079802,1,24.35,0.18,1.0,0.0
36047080000,2,29.83,0.56,0.0,2.0
36047080200,2,27.96,0.44,0.0,2.0
36047080400,0,0.0,0.0,,
36047080600,0,0.0,0.0,,
36047080800,0,0.0,0.0,,
36047081000,1,15.95,0.34,0.0,1.0
36047081400,1,15.22,0.32,0.0,1.0
36047081600,1,14.42,0.39,0.0,1.0
36047081800,3,49.2,0.62,0.0,3.0
36047082000,1,17.43,0.18,0.0,1.0
36047082200,0,0.0,0.0,,
36047082400,0,0.0,0.0,,
36047082600,0,0.0,0.0,,
36047082800,0,0.0,0.0,,
36047083000,0,0.0,0.0,,
36047083200,0,0.0,0.0,,
36047083400,0,0.0,0.0,,
36047083600,0,0.0,0.0,,
36047083800,0,0.0,0.0,,
36047084000,0,0.0,0.0,,
36047084600,0,0.0,0.0,,
36047084800,0,0.0,0.0,,
36047085000,0,0.0,0.0,,
36047085200,0,0.0,0.0,,
36047085400,0,0.0,0.0,,
36047085600,2,32.65,0.56,0.0,2.0
36047085800,0,0.0,0.0,,
36047086000,1,14.77,0.26,0.0,1.0
36047086200,0,0.0,0.0,,
36047086400,0,0.0,0.0,,
36047086600,0,0.0,0.0,,
36047086800,0,0.0,0.0,,
36047087000,0,0.0,0.0,,
36047087200,0,0.0,0.0,,
36047087401,0,0.0,0.0,,
36047087600,0,0.0,0.0,,
36047087800,0,0.0,0.0,,
36047088001,3,95.42,1.41,3.0,0.0
36047088002,0,0.0,0.0,,
36047088200,0,0.0,0.0,,
36047088400,0,0.0,0.0,,
36047088600,0,0.0,0.0,,
36047088800,0,0.0,0.0,,
36047089000,0,0.0,0.0,,
36047089200,0,0.0,0.0,,
36047089400,0,0.0,0.0,,
36047089600,1,17.38,0.25,0.0,1.0
36047089800,1,16.78,0.43,1.0,0.0
36047090000,8,84.16,1.47,1.0,7.0
36047090200,3,40.77,0.79,2.0,1.0
36047090600,2,26.45,0.44,1.0,1.0
36047090800,5,43.68,0.85,1.0,4.0
36047091000,1,12.21,0.17,0.0,1.0
36047091200,0,0.0,0.0,,
36047091600,2,24.02,0.38,2.0,0.0
36047091800,1,12.35,0.37,0.0,1.0
36047092000,1,10.92,0.29,0.0,1.0
36047092200,1,16.05,0.33,0.0,1.0
36047092400,4,41.16,1.1,1.0,3.0
36047092800,0,0.0,0.0,,
36047093000,0,0.0,0.0,,
36047093200,0,0.0,0.0,,
36047093400,0,0.0,0.0,,
36047093600,0,0.0,0.0,,
36047093800,0,0.0,0.0,,
36047094401,0,0.0,0.0,,
36047094402,0,0.0,0.0,,
36047094600,0,0.0,0.0,,
36047095000,0,0.0,0.0,,
36047095400,0,0.0,0.0,,
36047095600,0,0.0,0.0,,
36047095800,0,0.0,0.0,,
36047096000,0,0.0,0.0,,
36047096200,0,0.0,0.0,,
36047096400,0,0.0,0.0,,
36047096600,0,0.0,0.0,,
36047096800,0,0.0,0.0,,
36047097000,0,0.0,0.0,,
36047097400,0,0.0,0.0,,
36047098200,0,0.0,0.0,,
36047098400,0,0.0,0.0,,
36047098600,1,16.61,0.36,1.0,0.0
36047098800,0,0.0,0.0,,
36047099000,0,0.0,0.0,,
36047099200,0,0.0,0.0,,
36047099400,0,0.0,0.0,,
36047099600,0,0.0,0.0,,
36047099800,0,0.0,0.0,,
36047100400,0,0.0,0.0,,
36047100600,0,0.0,0.0,,
36047100800,0,0.0,0.0,,
36047101000,0,0.0,0.0,,
36047101200,0,0.0,0.0,,
36047101400,0,0.0,0.0,,
36047101600,0,0.0,0.0,,
36047101800,0,0.0,0.0,,
36047102000,0,0.0,0.0,,
36047102200,0,0.0,0.0,,
36047102400,0,0.0,0.0,,
36047102600,0,0.0,0.0,,
36047102801,0,0.0,0.0,,
36047102802,0,0.0,0.0,,
36047103401,0,0.0,0.0,,
36047103402,0,0.0,0.0,,
36047105801,0,0.0,0.0,,
36047105804,0,0.0,0.0,,
36047107001,0,0.0,0.0,,
36047107002,0,0.0,0.0,,
36047107003,0,0.0,0.0,,
36047107800,0,0.0,0.0,,
36047109800,2,6.06,0.87,2.0,0.0
36047110400,0,0.0,0.0,,
36047110600,0,0.0,0.0,,
36047111000,0,0.0,0.0,,
36047111600,0,0.0,0.0,,
36047111800,0,0.0,0.0,,
36047112000,0,0.0,0.0,,
36047112200,0,0.0,0.0,,
36047112400,0,0.0,0.0,,
36047112600,0,0.0,0.0,,
36047112800,0,0.0,0.0,,
36047113000,2,26.72,0.45,2.0,0.0
36047113200,0,0.0,0.0,,
36047113400,0,0.0,0.0,,
36047114201,0,0.0,0.0,,
36047114202,0,0.0,0.0,,
36047114400,0,0.0,0.0,,
36047114600,0,0.0,0.0,,
36047115000,0,0.0,0.0,,
36047115200,0,0.0,0.0,,
36047115600,0,0.0,0.0,,
36047115800,0,0.0,0.0,,
36047116000,0,0.0,0.0,,
36047116200,0,0.0,0.0,,
36047116400,0,0.0,0.0,,
36047116600,0,0.0,0.0,,
36047116800,0,0.0,0.0,,
36047117000,0,0.0,0.0,,
36047117201,0,0.0,0.0,,
36047117202,0,0.0,0.0,,
36047117400,0,0.0,0.0,,
36047117601,0,0.0,0.0,,
36047117602,0,0.0,0.0,,
36047117800,0,0.0,0.0,,
36047118000,0,0.0,0.0,,
36047118201,0,0.0,0.0,,
36047118202,1,20.83,0.31,0.0,1.0
36047118400,7,88.46,1.29,0.0,7.0
36047118600,0,0.0,0.0,,
36047118800,0,0.0,0.0,,
36047119000,0,0.0,0.0,,
36047119200,0,0.0,0.0,,
36047119400,0,0.0,0.0,,
36047119600,0,0.0,0.0,,
36047119800,4,31.69,1.08,0.0,4.0
36047120000,0,0.0,0.0,,
36047120200,0,0.0,0.0,,
36047120801,0,0.0,0.0,,
36047120802,0,0.0,0.0,,
36047120803,0,0.0,0.0,,
36047121000,0,0.0,0.0,,
36047121400,0,0.0,0.0,,
36047122000,0,0.0,0.0,,
36047123700,0,0.0,0.0,,
36047150200,0,0.0,0.0,,
36047152200,0,0.0,0.0,,
36047990100,0,,0.0,,
36061000100,0,0.0,0.0,,
36061000201,0,0.0,0.0,,
36061000202,2,16.71,0.28,2.0,0.0
36061000500,0,0.0,0.0,,
36061000600,1,10.77,0.09,1.0,0.0
36061000700,2,20.46,0.19,0.0,2.0
36061000800,1,11.73,0.09,1.0,0.0
36061000900,2,17.33,0.99,0.0,2.0
36061001001,0,0.0,0.0,,
36061001002,0,0.0,0.0,,
36061001200,0,0.0,0.0,,
36061001300,0,0.0,0.0,,
36061001401,1,27.7,0.28,1.0,0.0
36061001402,1,22.74,0.29,1.0,0.0
36061001501,0,0.0,0.0,,
36061001502,0,0.0,0.0,,
36061001600,5,62.45,0.65,1.0,4.0
36061001800,5,58.08,0.63,0.0,5.0
36061002000,0,0.0,0.0,,
36061002100,2,21.84,0.26,0.0,2.0
36061002201,1,16.02,0.14,1.0,0.0
36061002202,0,0.0,0.0,,
36061002400,0,0.0,0.0,,
36061002500,1,19.69,0.22,1.0,0.0
36061002601,0,0.0,0.0,,
36061002602,1,24.98,0.21,1.0,0.0
36061002700,0,0.0,0.0,,
36061002800,0,0.0,0.0,,
36061002901,0,0.0,0.0,,
36061002902,3,62.75,0.69,1.0,2.0
36061003001,1,20.86,0.21,0.0,1.0
36061003002,0,0.0,0.0,,
36061003100,7,88.45,2.34,0.0,7.0
36061003200,5,59.49,0.6,0.0,5.0
36061003300,9,68.22,1.39,0.0,9.0
36061003400,8,129.29,1.14,1.0,7.0
36061003601,3,77.85,0.85,1.0,2.0
36061003602,3,87.29,1.0,1.0,2.0
36061003700,10,67.56,3.23,0.0,10.0
36061003800,12,153.58,1.32,0.0,12.0
36061003900,2,15.65,0.28,0.0,2.0
36061004001,12,338.77,3.21,0.0,12.0
36061004002,10,299.11,1.96,0.0,10.0
36061004100,3,40.62,0.4,0.0,3.0
36061004200,4,121.07,0.77,0.0,4.0
36061004300,0,0.0,0.0,,
36061004400,0,0.0,0.0,,
36061004500,1,24.68,0.91,0.0,1.0
36061004700,1,15.66,0.38,0.0,1.0
36061004800,11,162.09,1.58,0.0,11.0
36061004900,0,0.0,0.0,,
36061005000,11,171.14,2.11,0.0,11.0
36061005200,3,46.01,0.79,0.0,3.0
36061005400,9,138.78,1.83,0.0,9.0
36061005501,0,0.0,0.0,,
36061005502,0,0.0,0.0,,
36061005600,7,103.94,1.64,0.0,7.0
36061005700,0,0.0,0.0,,
36061005800,9,133.45,1.76,0.0,9.0
36061005900,1,22.29,0.18,0.0,1.0
36061006000,0,0.0,0.0,,
36061006100,3,54.65,0.55,0.0,3.0
36061006200,0,0.0,0.0,,
36061006300,2,29.07,0.3,0.0,2.0
36061006400,12,173.44,1.37,0.0,12.0
36061006500,0,0.0,0.0,,
36061006600,21,311.33,1.7,0.0,21.0
36061006700,3,46.12,0.54,0.0,3.0
36061006800,14,207.86,1.82,0.0,14.0
36061006900,0,0.0,0.0,,
36061007001,3,86.59,0.66,0.0,3.0
36061007002,6,177.39,1.23,0.0,6.0
36061007100,5,78.49,0.85,0.0,5.0
36061007200,20,295.97,2.14,0.0,20.0
36061007300,2,31.34,0.32,0.0,2.0
36061007400,15,223.17,2.63,0.0,15.0
36061007500,0,0.0,0.0,,
36061007600,7,104.03,2.4,0.0,7.0
36061007700,6,86.92,0.97,0.0,6.0
36061007800,9,131.34,0.99,0.0,9.0
36061007900,1,9.45,0.23,0.0,1.0
36061008000,14,210.05,2.37,0.0,14.0
36061008100,18,267.46,2.29,0.0,18.0
36061008200,4,60.09,1.17,0.0,4.0
36061008300,8,118.97,2.08,0.0,8.0
36061008400,0,0.0,0.0,,
36061008601,0,0.0,0.0,,
36061008602,0,0.0,0.0,,
36061008603,7,155.1,1.31,0.0,7.0
36061008700,7,109.58,1.08,0.0,7.0
36061008800,17,245.62,1.92,0.0,17.0
36061008900,5,78.21,0.84,0.0,5.0
36061009000,11,163.08,1.25,0.0,11.0
36061009100,13,188.0,1.77,0.0,13.0
36061009200,10,131.46,5.36,0.0,10.0
36061009300,1,14.46,0.11,0.0,1.0
36061009400,2,33.91,18.35,0.0,2.0
36061009500,14,210.86,3.6,0.0,14.0
36061009600,4,59.09,6.58,0.0,4.0
36061009700,1,14.98,0.2,0.0,1.0
36061009800,14,204.79,1.73,0.0,14.0
36061009901,4,26.49,1.91,0.0,4.0
36061009902,5,68.89,1.3,0.0,5.0
36061009903,0,0.0,0.0,,
36061010000,14,209.72,6.45,0.0,14.0
36061010100,7,103.29,2.7,0.0,7.0
36061010200,7,104.86,24.73,0.0,7.0
36061010300,2,29.69,0.49,0.0,2.0
36061010400,3,44.85,3.05,0.0,3.0
36061010601,4,84.95,0.48,0.0,4.0
36061010602,4,82.9,0.73,0.0,4.0
36061010801,7,256.07,2.12,0.0,7.0
36061010802,2,90.24,0.53,0.0,2.0
36061010803,7,333.28,2.6,0.0,7.0
36061010900,9,132.64,22.11,0.0,9.0
36061011000,12,176.07,1.56,0.0,12.0
36061011100,5,73.8,0.81,0.0,5.0
36061011201,2,65.13,1.62,0.0,2.0
36061011202,2,66.4,4.0,0.0,2.0
36061011203,8,265.82,5.63,0.0,8.0
36061011300,7,103.21,32.41,0.0,7.0
36061011401,5,131.46,3.67,0.0,5.0
36061011402,2,52.43,0.76,0.0,2.0
36061011500,5,73.75,1.29,0.0,5.0
36061011600,6,79.45,1.84,0.0,6.0
36061011700,1,13.17,0.19,0.0,1.0
36061011800,9,131.87,0.93,0.0,9.0
36061011900,8,116.67,4.8,0.0,8.0
36061012000,5,74.84,1.28,0.0,5.0
36061012101,4,116.34,1.17,0.0,4.0
36061012102,0,0.0,0.0,,
36061012200,5,75.02,1.46,0.0,5.0
36061012400,3,45.29,0.28,0.0,3.0
36061012500,15,222.95,5.17,0.0,15.0
36061012601,2,54.9,0.27,0.0,2.0
36061012602,4,116.0,0.62,0.0,4.0
36061012700,7,104.18,0.96,0.0,7.0
36061012800,5,72.43,0.76,0.0,5.0
36061012901,1,11.82,0.13,1.0,0.0
36061012902,3,37.41,0.95,0.0,3.0
36061013000,4,58.13,1.02,0.0,4.0
36061013100,13,193.35,3.28,0.0,13.0
36061013201,1,33.19,0.32,0.0,1.0
36061013202,0,0.0,0.0,,
36061013203,1,48.07,0.27,0.0,1.0
36061013300,11,163.4,1.62,0.0,11.0
36061013400,4,57.0,0.34,0.0,4.0
36061013501,2,25.77,0.36,0.0,2.0
36061013502,2,22.39,0.31,0.0,2.0
36061013601,0,0.0,0.0,,
36061013602,0,0.0,0.0,,
36061013603,0,0.0,0.0,,
36061013604,0,0.0,0.0,,
36061013700,15,171.63,2.05,1.0,14.0
36061013800,3,42.67,0.23,0.0,3.0
36061013900,11,156.9,1.1,0.0,11.0
36061014000,5,72.3,0.62,0.0,5.0
36061014200,5,72.35,1.12,0.0,5.0
36061014300,0,0.0,0.0,,
36061014401,0,0.0,0.0,,
36061014402,0,0.0,0.0,,
36061014500,3,43.86,0.4,0.0,3.0
36061014601,6,209.03,1.34,0.0,6.0
36061014602,2,47.45,0.22,0.0,2.0
36061014700,0,0.0,0.0,,
36061014801,1,49.83,0.31,0.0,1.0
36061014802,4,82.47,0.53,0.0,4.0
36061014900,1,14.88,0.16,0.0,1.0
36061015001,1,50.15,0.43,0.0,1.0
36061015002,0,0.0,0.0,,
36061015101,0,0.0,0.0,,
36061015102,0,0.0,0.0,,
36061015200,1,13.68,0.13,1.0,0.0
36061015301,3,89.52,0.81,0.0,3.0
36061015302,18,533.94,2.98,0.0,18.0
36061015401,1,36.5,0.19,0.0,1.0
36061015402,0,0.0,0.0,,
36061015403,1,50.08,0.17,0.0,1.0
36061015501,2,60.17,0.39,0.0,2.0
36061015502,0,0.0,0.0,,
36061015601,0,0.0,0.0,,
36061015602,0,0.0,0.0,,
36061015700,6,85.2,0.54,0.0,6.0
36061015801,3,61.79,0.54,0.0,3.0
36061015802,1,50.28,0.22,0.0,1.0
36061015900,5,73.94,0.5,0.0,5.0
36061016001,0,0.0,0.0,,
36061016002,0,0.0,0.0,,
36061016100,3,49.89,0.45,0.0,3.0
36061016200,2,19.04,0.22,2.0,0.0
36061016300,14,137.55,1.92,0.0,14.0
36061016400,0,0.0,0.0,,
36061016500,2,25.35,0.3,0.0,2.0
36061016600,4,59.46,0.57,0.0,4.0
36061016700,14,184.08,1.94,0.0,14.0
36061016800,0,0.0,0.0,,
36061016900,7,100.72,0.82,0.0,7.0
36061017000,3,42.48,0.38,0.0,3.0
36061017100,9,107.01,0.93,0.0,9.0
36061017200,6,87.33,1.1,0.0,6.0
36061017300,5,72.51,0.57,0.0,5.0
36061017401,0,0.0,0.0,,
36061017402,0,0.0,0.0,,
36061017500,8,95.53,0.72,0.0,8.0
36061017700,7,103.86,0.75,0.0,7.0
36061017800,0,0.0,0.0,,
36061017900,12,145.3,1.32,0.0,12.0
36061018000,1,12.19,0.13,0.0,1.0
36061018100,7,130.96,0.78,1.0,6.0
36061018200,7,102.49,0.91,0.0,7.0
36061018300,11,127.0,1.29,0.0,11.0
36061018400,5,73.34,0.64,0.0,5.0
36061018500,3,59.59,0.57,0.0,3.0
36061018600,0,0.0,0.0,,
36061018700,18,213.74,1.92,0.0,18.0
36061018800,4,69.75,0.7,0.0,4.0
36061018900,1,9.76,0.09,0.0,1.0
36061019000,1,24.95,0.27,0.0,1.0
36061019100,14,162.25,1.55,0.0,14.0
36061019200,0,0.0,0.0,,
36061019300,8,117.92,0.92,0.0,8.0
36061019400,4,59.18,0.57,0.0,4.0
36061019500,9,106.71,1.15,0.0,9.0
36061019600,7,102.32,1.74,0.0,7.0
36061019701,0,0.0,0.0,,
36061019702,3,163.93,1.15,0.0,3.0
36061019800,0,0.0,0.0,,
36061019900,10,114.3,1.04,0.0,10.0
36061020000,1,20.03,0.35,0.0,1.0
36061020101,1,46.98,0.54,1.0,0.0
36061020102,0,0.0,0.0,,
36061020300,2,29.06,0.52,0.0,2.0
36061020500,3,27.64,0.6,0.0,3.0
36061020600,0,0.0,0.0,,
36061020701,2,109.58,0.66,0.0,2.0
36061020800,0,0.0,0.0,,
36061020901,1,22.36,0.27,0.0,1.0
36061021000,0,0.0,0.0,,
36061021100,2,14.89,0.19,0.0,2.0
36061021200,0,0.0,0.0,,
36061021303,6,101.37,1.07,0.0,6.0
36061021400,0,0.0,0.0,,
36061021500,4,148.62,1.04,0.0,4.0
36061021600,2,29.91,0.23,0.0,2.0
36061021703,1,8.25,1.83,0.0,1.0
36061021800,2,28.48,0.31,0.0,2.0
36061021900,4,37.08,0.7,0.0,4.0
36061022000,7,103.63,1.14,0.0,7.0
36061022102,1,26.16,0.42,0.0,1.0
36061022200,8,114.21,2.43,0.0,8.0
36061022301,4,55.46,0.55,0.0,4.0
36061022302,0,0.0,0.0,,
36061022400,2,26.61,0.27,0.0,2.0
36061022500,12,118.41,1.21,0.0,12.0
36061022600,4,67.72,0.82,0.0,4.0
36061022700,4,68.74,0.74,0.0,4.0
36061022800,4,57.35,0.67,0.0,4.0
36061022900,10,122.72,1.25,0.0,10.0
36061023000,10,149.12,1.1,0.0,10.0
36061023100,2,28.36,0.32,0.0,2.0
36061023200,6,86.1,0.74,0.0,6.0
36061023300,15,167.3,2.36,0.0,15.0
36061023400,3,71.79,0.59,0.0,3.0
36061023501,3,43.4,0.45,0.0,3.0
36061023502,0,0.0,0.0,,
36061023600,1,9.84,0.1,0.0,1.0
36061023700,6,57.15,0.88,0.0,6.0
36061023802,0,0.0,0.0,,
36061023803,0,0.0,0.0,,
36061023804,0,0.0,0.0,,
36061023900,2,81.13,0.75,0.0,2.0
36061024000,0,0.0,0.0,,
36061024100,7,101.41,0.92,0.0,7.0
36061024200,0,0.0,0.0,,
36061024301,2,49.24,0.5,0.0,2.0
36061024302,0,0.0,0.0,,
36061024500,13,158.77,0.97,0.0,13.0
36061024700,1,10.1,0.15,0.0,1.0
36061024900,0,0.0,0.0,,
36061025100,1,16.25,0.44,0.0,1.0
36061025300,5,76.47,0.5,0.0,5.0
36061025500,0,0.0,0.0,,
36061025700,4,71.91,0.94,0.0,4.0
36061025900,2,68.64,0.5,0.0,2.0
36061026100,5,82.89,0.47,0.0,5.0
36061026300,10,164.75,1.25,0.0,10.0
36061026500,0,0.0,0.0,,
36061026700,1,54.71,0.48,0.0,1.0
36061026900,11,162.27,1.4,0.0,11.0
36061027100,8,107.41,1.05,0.0,8.0
36061027300,0,0.0,0.0,,
36061027500,0,0.0,0.0,,
36061027700,5,79.32,0.78,0.0,5.0
36061027900,2,28.78,0.2,0.0,2.0
36061028100,0,0.0,0.0,,
36061028300,2,34.28,0.26,0.0,2.0
36061028500,3,63.72,0.44,1.0,2.0
36061028700,0,0.0,0.0,,
36061029100,0,0.0,0.0,,
36061029300,3,49.47,0.37,0.0,3.0
36061029500,1,19.11,0.14,0.0,1.0
36061029700,0,0.0,0.0,,
36061029900,4,16.71,1.11,0.0,4.0
36061030300,3,49.6,0.81,0.0,3.0
36061030700,0,0.0,0.0,,
36061030900,0,0.0,0.0,,
36061031100,0,0.0,0.0,,
36061031703,0,0.0,0.0,,
36061031704,0,0.0,0.0,,
36061031900,0,0.0,0.0,,
36081000101,5,44.18,1.07,5.0,0.0
36081000102,0,0.0,0.0,,
36081000103,2,28.06,60.61,2.0,0.0
36081000104,0,0.0,0.0,,
36081000200,2,33.08,0.65,0.0,2.0
36081000400,1,11.52,0.2,0.0,1.0
36081000600,0,0.0,0.0,,
36081000701,8,86.13,2.31,0.0,8.0
36081000702,4,34.02,0.94,0.0,4.0
36081000800,0,0.0,0.0,,
36081001000,2,32.12,0.53,0.0,2.0
36081001200,2,22.8,0.48,0.0,2.0
36081001400,2,24.24,0.49,0.0,2.0
36081001600,1,17.1,0.33,0.0,1.0
36081001800,0,0.0,0.0,,
36081001901,4,45.36,2.79,0.0,4.0
36081001902,2,29.77,0.23,0.0,2.0
36081001903,0,0.0,0.0,,
36081002000,2,35.38,1.07,0.0,2.0
36081002200,1,17.56,0.44,0.0,1.0
36081002400,2,36.5,0.91,0.0,2.0
36081002500,0,0.0,0.0,,
36081002600,4,69.99,1.86,0.0,4.0
36081002800,0,0.0,0.0,,
36081003000,1,22.96,0.68,0.0,1.0
36081003100,4,62.8,1.85,0.0,4.0
36081003200,0,0.0,0.0,,
36081003301,3,40.7,0.68,3.0,0.0
36081003302,2,15.8,0.92,2.0,0.0
36081003400,0,0.0,0.0,,
36081003600,0,0.0,0.0,,
36081003700,0,0.0,0.0,,
36081003800,0,0.0,0.0,,
36081003900,0,0.0,0.0,,
36081004001,0,0.0,0.0,,
36081004002,0,0.0,0.0,,
36081004200,0,0.0,0.0,,
36081004300,0,0.0,0.0,,
36081004401,0,0.0,0.0,,
36081004500,1,11.75,0.31,0.0,1.0
36081004700,0,0.0,0.0,,
36081005000,0,0.0,0.0,,
36081005100,0,0.0,0.0,,
36081005200,0,0.0,0.0,,
36081005300,1,13.18,0.19,0.0,1.0
36081005400,0,0.0,0.0,,
36081005500,4,62.42,2.93,0.0,4.0
36081005700,2,23.17,0.47,0.0,2.0
36081005800,0,0.0,0.0,,
36081005900,3,40.85,0.71,0.0,3.0
36081006100,8,106.23,1.27,0.0,8.0
36081006201,0,0.0,0.0,,
36081006202,0,0.0,0.0,,
36081006300,11,134.07,1.87,0.0,11.0
36081006501,1,23.31,0.27,0.0,1.0
36081006502,1,16.89,0.25,0.0,1.0
36081006900,3,36.86,0.58,0.0,3.0
36081007100,2,26.56,0.46,0.0,2.0
36081007300,1,18.3,0.22,0.0,1.0
36081007500,3,60.13,0.67,0.0,3.0
36081007700,1,20.45,0.47,0.0,1.0
36081007900,0,0.0,0.0,,
36081008100,0,0.0,0.0,,
36081008300,0,0.0,0.0,,
36081008500,0,0.0,0.0,,
36081008600,0,0.0,0.0,,
36081008700,0,0.0,0.0,,
36081008800,0,0.0,0.0,,
36081009100,0,0.0,0.0,,
36081009400,0,0.0,0.0,,
36081009500,0,0.0,0.0,,
36081009600,0,0.0,0.0,,
36081009700,0,0.0,0.0,,
36081009800,0,0.0,0.0,,
36081009900,0,0.0,0.0,,
36081010000,0,0.0,0.0,,
36081010100,0,0.0,0.0,,
36081010200,0,0.0,0.0,,
36081010300,0,0.0,0.0,,
36081010400,0,0.0,0.0,,
36081010500,0,0.0,0.0,,
36081010600,0,0.0,0.0,,
36081010701,2,3.24,285.71,2.0,0.0
36081010800,0,0.0,0.0,,
36081011000,0,0.0,0.0,,
36081011100,0,0.0,0.0,,
36081011200,0,0.0,0.0,,
36081011300,0,0.0,0.0,,
36081011400,0,0.0,0.0,,
36081011500,0,0.0,0.0,,
36081011600,0,0.0,0.0,,
36081011700,0,0.0,0.0,,
36081011800,0,0.0,0.0,,
36081011900,0,0.0,0.0,,
36081012000,0,0.0,0.0,,
36081012100,0,0.0,0.0,,
36081012200,3,36.97,1.07,0.0,3.0
36081012301,0,0.0,0.0,,
36081012400,1,13.1,0.35,0.0,1.0
36081012500,0,0.0,0.0,,
36081012601,1,17.24,0.39,0.0,1.0
36081012602,1,17.39,0.37,0.0,1.0
36081012800,3,48.79,1.36,0.0,3.0
36081013000,2,27.6,1.14,0.0,2.0
36081013200,1,13.46,0.52,0.0,1.0
36081013400,0,0.0,0.0,,
36081013500,0,0.0,0.0,,
36081013600,1,17.11,0.5,0.0,1.0
36081013700,0,0.0,0.0,,
36081013800,0,0.0,0.0,,
36081014000,0,0.0,0.0,,
36081014100,0,0.0,0.0,,
36081014201,4,49.12,0.85,0.0,4.0
36081014202,0,0.0,0.0,,
36081014300,0,0.0,0.0,,
36081014400,1,11.78,0.5,0.0,1.0
36081014500,0,0.0,0.0,,
36081014700,1,17.51,0.34,0.0,1.0
36081014800,0,0.0,0.0,,
36081014900,4,97.19,1.61,0.0,4.0
36081015000,0,0.0,0.0,,
36081015100,2,38.82,0.75,0.0,2.0
36081015200,0,0.0,0.0,,
36081015300,0,0.0,0.0,,
36081015400,0,0.0,0.0,,
36081015500,5,87.79,2.13,0.0,5.0
36081015600,0,0.0,0.0,,
36081015700,1,20.16,0.6,0.0,1.0
36081015801,0,0.0,0.0,,
36081015802,0,0.0,0.0,,
36081015900,1,15.26,0.25,0.0,1.0
36081016100,3,72.15,1.31,0.0,3.0
36081016300,2,23.74,0.49,0.0,2.0
36081016400,0,0.0,0.0,,
36081016600,0,0.0,0.0,,
36081016800,0,0.0,0.0,,
36081016900,1,11.21,0.18,0.0,1.0
36081017000,0,0.0,0.0,,
36081017101,0,0.0,0.0,,
36081017102,6,38.16,222.22,0.0,6.0
36081017200,0,0.0,0.0,,
36081017400,0,0.0,0.0,,
36081017600,0,0.0,0.0,,
36081017800,0,0.0,0.0,,
36081017901,2,53.75,2.03,0.0,2.0
36081017902,5,34.31,40.32,0.0,5.0
36081018000,1,18.74,0.73,1.0,0.0
36081018101,1,26.94,0.26,0.0,1.0
36081018102,1,26.82,0.26,0.0,1.0
36081018200,0,0.0,0.0,,
36081018300,4,48.18,0.66,0.0,4.0
36081018401,0,0.0,0.0,,
36081018402,0,0.0,0.0,,
36081018501,0,0.0,0.0,,
36081018502,1,26.32,0.29,0.0,1.0
36081018600,0,0.0,0.0,,
36081018700,0,0.0,0.0,,
36081018800,0,0.0,0.0,,
36081018900,0,0.0,0.0,,
36081019000,0,0.0,0.0,,
36081019200,1,12.88,0.42,1.0,0.0
36081019400,0,0.0,0.0,,
36081019600,1,11.62,0.32,1.0,0.0
36081019800,0,0.0,0.0,,
36081019901,1,8.1,0.92,1.0,0.0
36081019902,2,8.27,6.31,2.0,0.0
36081019903,0,0.0,0.0,,
36081020200,0,0.0,0.0,,
36081020400,2,18.07,0.88,1.0,1.0
36081020500,0,0.0,0.0,,
36081020600,0,0.0,0.0,,
36081020800,3,14.3,0.85,1.0,2.0
36081021200,1,10.8,0.36,0.0,1.0
36081021400,2,13.6,0.3,2.0,0.0
36081021601,3,34.12,1.12,1.0,2.0
36081021602,0,0.0,0.0,,
36081021603,0,0.0,0.0,,
36081021900,0,0.0,0.0,,
36081022001,0,0.0,0.0,,
36081022002,0,0.0,0.0,,
36081022900,0,0.0,0.0,,
36081023000,0,0.0,0.0,,
36081023200,0,0.0,0.0,,
36081023501,0,0.0,0.0,,
36081023502,4,88.2,1.19,0.0,4.0
36081023600,0,0.0,0.0,,
36081023800,1,16.53,0.21,1.0,0.0
36081024000,4,38.43,0.64,0.0,4.0
36081024300,0,0.0,0.0,,
36081024500,5,50.26,0.9,0.0,5.0
36081024600,0,0.0,0.0,,
36081024700,0,0.0,0.0,,
36081024900,0,0.0,0.0,,
36081025100,0,0.0,0.0,,
36081025301,2,40.73,0.44,0.0,2.0
36081025302,2,49.32,0.66,0.0,2.0
36081025401,1,10.28,0.26,0.0,1.0
36081025402,0,0.0,0.0,,
36081025500,1,11.87,0.62,0.0,1.0
36081025700,0,0.0,0.0,,
36081025800,1,12.23,0.44,1.0,0.0
36081025900,0,0.0,0.0,,
36081026000,2,29.04,0.69,1.0,1.0
36081026100,0,0.0,0.0,,
36081026200,0,0.0,0.0,,
36081026300,0,0.0,0.0,,
36081026400,0,0.0,0.0,,
36081026501,4,96.2,1.24,0.0,4.0
36081026502,0,0.0,0.0,,
36081026600,1,14.97,0.51,1.0,0.0
36081026700,6,74.07,0.97,0.0,6.0
36081026901,6,136.06,1.15,0.0,6.0
36081026902,2,66.0,0.47,0.0,2.0
36081027000,0,0.0,0.0,,
36081027101,1,28.8,0.18,0.0,1.0
36081027102,1,52.93,0.32,0.0,1.0
36081027200,0,0.0,0.0,,
36081027301,4,105.03,1.09,0.0,4.0
36081027302,0,0.0,0.0,,
36081027400,0,0.0,0.0,,
36081027500,2,29.16,0.3,0.0,2.0
36081027600,0,0.0,0.0,,
36081027701,2,69.65,0.58,0.0,2.0
36081027702,0,0.0,0.0,,
36081027800,0,0.0,0.0,,
36081027900,4,58.48,0.63,1.0,3.0
36081028000,0,0.0,0.0,,
36081028100,4,59.39,0.67,0.0,4.0
36081028200,2,28.39,1.11,1.0,1.0
36081028300,9,131.16,1.2,2.0,7.0
36081028400,2,12.06,0.53,1.0,1.0
36081028500,2,32.76,0.41,0.0,2.0
36081028700,3,39.72,0.46,0.0,3.0
36081028801,0,0.0,0.0,,
36081028802,1,12.94,0.51,1.0,0.0
36081028803,0,0.0,0.0,,
36081028900,2,30.01,0.38,1.0,1.0
36081029100,1,9.91,0.14,1.0,0.0
36081029300,1,17.11,0.69,0.0,1.0
36081029400,6,14.6,0.74,6.0,0.0
36081029500,0,0.0,0.0,,
36081029700,0,0.0,0.0,,
36081029900,0,0.0,0.0,,
36081030600,0,0.0,0.0,,
36081030903,0,0.0,0.0,,
36081030904,6,37.5,1.61,6.0,0.0
36081030905,0,0.0,0.0,,
36081030906,0,0.0,0.0,,
36081031700,0,0.0,0.0,,
36081032000,0,0.0,0.0,,
36081032700,0,0.0,0.0,,
36081032800,0,0.0,0.0,,
36081032900,0,0.0,0.0,,
36081033000,2,6.34,0.27,0.0,2.0
36081033100,0,0.0,0.0,,
36081033401,0,0.0,0.0,,
36081033403,1,10.17,0.21,1.0,0.0
36081033404,0,0.0,0.0,,
36081033405,1,9.92,0.27,1.0,0.0
36081033700,0,0.0,0.0,,
36081033900,0,0.0,0.0,,
36081034700,0,0.0,0.0,,
36081035100,2,37.2,0.48,0.0,2.0
36081035200,4,17.09,1.57,0.0,4.0
36081035300,0,0.0,0.0,,
36081035700,0,0.0,0.0,,
36081035800,0,0.0,0.0,,
36081036100,0,0.0,0.0,,
36081036300,1,19.2,0.41,0.0,1.0
36081036500,0,0.0,0.0,,
36081036600,1,7.01,0.33,1.0,0.0
36081036700,0,0.0,0.0,,
36081036800,2,22.25,0.8,0.0,2.0
36081037100,0,0.0,0.0,,
36081037300,0,0.0,0.0,,
36081037501,0,0.0,0.0,,
36081037502,0,0.0,0.0,,
36081037600,0,0.0,0.0,,
36081037700,0,0.0,0.0,,
36081037900,1,13.14,0.15,0.0,1.0
36081038100,0,0.0,0.0,,
36081038301,0,0.0,0.0,,
36081038302,0,0.0,0.0,,
36081038400,0,0.0,0.0,,
36081039400,0,0.0,0.0,,
36081039800,2,25.82,1.18,2.0,0.0
36081039901,0,0.0,0.0,,
36081039902,0,0.0,0.0,,
36081040000,1,13.19,0.68,1.0,0.0
36081040101,0,0.0,0.0,,
36081040102,0,0.0,0.0,,
36081040200,1,11.86,0.68,1.0,0.0
36081040301,0,0.0,0.0,,
36081040302,0,0.0,0.0,,
36081040400,2,10.8,0.47,0.0,2.0
36081040501,0,0.0,0.0,,
36081040502,0,0.0,0.0,,
36081040701,0,0.0,0.0,,
36081040702,0,0.0,0.0,,
36081040901,0,0.0,0.0,,
36081040902,0,0.0,0.0,,
36081041100,0,0.0,0.0,,
36081041300,0,0.0,0.0,,
36081041400,1,5.47,0.22,1.0,0.0
36081041500,0,0.0,0.0,,
36081042400,1,5.02,0.44,1.0,0.0
36081042600,0,0.0,0.0,,
36081042700,0,0.0,0.0,,
36081043200,0,0.0,0.0,,
36081043400,1,12.61,0.58,0.0,1.0
36081043701,0,0.0,0.0,,
36081043702,0,0.0,0.0,,
36081043900,0,0.0,0.0,,
36081044000,0,0.0,0.0,,
36081044301,0,0.0,0.0,,
36081044302,0,0.0,0.0,,
36081044400,5,14.43,1.1,1.0,4.0
36081044601,11,126.75,2.74,0.0,11.0
36081044602,2,30.46,0.37,1.0,1.0
36081044800,0,0.0,0.0,,
36081045000,0,0.0,0.0,,
36081045200,0,0.0,0.0,,
36081045400,0,0.0,0.0,,
36081045500,0,0.0,0.0,,
36081045600,0,0.0,0.0,,
36081045700,0,0.0,0.0,,
36081045800,0,0.0,0.0,,
36081045900,0,0.0,0.0,,
36081046000,4,46.82,0.65,1.0,3.0
36081046100,0,0.0,0.0,,
36081046200,1,10.38,0.12,1.0,0.0
36081046300,0,0.0,0.0,,
36081046400,0,0.0,0.0,,
36081046500,2,39.92,0.47,0.0,2.0
36081046600,0,0.0,0.0,,
36081046700,0,0.0,0.0,,
36081046800,0,0.0,0.0,,
36081046901,0,0.0,0.0,,
36081046902,1,33.76,0.24,0.0,1.0
36081047000,1,11.29,0.3,1.0,0.0
36081047100,1,16.38,0.21,0.0,1.0
36081047200,0,0.0,0.0,,
36081047300,0,0.0,0.0,,
36081047500,9,82.66,1.64,0.0,9.0
36081047600,0,0.0,0.0,,
36081047801,0,0.0,0.0,,
36081047802,1,19.52,0.66,1.0,0.0
36081047900,4,26.4,0.59,0.0,4.0
36081048000,1,11.25,0.38,0.0,1.0
36081048100,0,0.0,0.0,,
36081048200,0,0.0,0.0,,
36081048301,0,0.0,0.0,,
36081048302,0,0.0,0.0,,
36081048400,1,6.25,0.18,1.0,0.0
36081048500,2,16.33,0.38,0.0,2.0
36081048900,2,14.31,1.03,0.0,2.0
36081049201,0,0.0,0.0,,
36081049202,0,0.0,0.0,,
36081049301,0,0.0,0.0,,
36081049302,0,0.0,0.0,,
36081049500,0,0.0,0.0,,
36081049600,0,0.0,0.0,,
36081049700,0,0.0,0.0,,
36081049900,0,0.0,0.0,,
36081050000,1,7.71,0.21,1.0,0.0
36081050201,1,15.4,0.6,0.0,1.0
36081050202,0,0.0,0.0,,
36081050400,0,0.0,0.0,,
36081050500,0,0.0,0.0,,
36081050600,1,12.56,0.61,1.0,0.0
36081050700,0,0.0,0.0,,
36081050800,2,23.6,0.96,2.0,0.0
36081051000,0,0.0,0.0,,
36081051100,0,0.0,0.0,,
36081051200,0,0.0,0.0,,
36081051300,0,0.0,0.0,,
36081051500,0,0.0,0.0,,
36081051600,0,0.0,0.0,,
36081051700,0,0.0,0.0,,
36081051800,0,0.0,0.0,,
36081052000,0,0.0,0.0,,
36081052100,0,0.0,0.0,,
36081052200,0,0.0,0.0,,
36081052400,1,13.2,0.51,0.0,1.0
36081052500,0,0.0,0.0,,
36081052600,1,14.19,0.51,1.0,0.0
36081052800,0,0.0,0.0,,
36081053000,0,0.0,0.0,,
36081053100,0,0.0,0.0,,
36081053200,1,13.65,0.53,1.0,0.0
36081053401,1,9.95,0.48,1.0,0.0
36081053501,0,0.0,0.0,,
36081053502,0,0.0,0.0,,
36081053601,0,0.0,0.0,,
36081053800,0,0.0,0.0,,
36081053901,0,0.0,0.0,,
36081053902,0,0.0,0.0,,
36081054000,0,0.0,0.0,,
36081054200,0,0.0,0.0,,
36081054500,0,0.0,0.0,,
36081054700,0,0.0,0.0,,
36081054800,0,0.0,0.0,,
36081054900,0,0.0,0.0,,
36081055100,0,0.0,0.0,,
36081055200,0,0.0,0.0,,
36081055300,0,0.0,0.0,,
36081055400,0,0.0,0.0,,
36081055500,0,0.0,0.0,,
36081055600,0,0.0,0.0,,
36081055700,0,0.0,0.0,,
36081055800,0,0.0,0.0,,
36081055900,0,0.0,0.0,,
36081056000,0,0.0,0.0,,
36081056100,0,0.0,0.0,,
36081056200,0,0.0,0.0,,
36081056400,0,0.0,0.0,,
36081056500,0,0.0,0.0,,
36081056600,0,0.0,0.0,,
36081056700,0,0.0,0.0,,
36081056800,0,0.0,0.0,,
36081057700,0,0.0,0.0,,
36081057900,0,0.0,0.0,,
36081058000,0,0.0,0.0,,
36081058100,0,0.0,0.0,,
36081058200,0,0.0,0.0,,
36081058300,0,0.0,0.0,,
36081058500,0,0.0,0.0,,
36081058700,0,0.0,0.0,,
36081058900,0,0.0,0.0,,
36081059000,0,0.0,0.0,,
36081059100,0,0.0,0.0,,
36081059200,0,0.0,0.0,,
36081059300,0,0.0,0.0,,
36081059400,0,0.0,0.0,,
36081059501,0,0.0,0.0,,
36081059502,0,0.0,0.0,,
36081059600,0,0.0,0.0,,
36081059800,0,0.0,0.0,,
36081059900,0,0.0,0.0,,
36081060000,0,0.0,0.0,,
36081060100,0,0.0,0.0,,
36081060300,0,0.0,0.0,,
36081060600,0,0.0,0.0,,
36081060701,0,0.0,0.0,,
36081060800,0,0.0,0.0,,
36081061000,0,0.0,0.0,,
36081061200,0,0.0,0.0,,
36081061301,0,0.0,0.0,,
36081061302,0,0.0,0.0,,
36081061400,0,0.0,0.0,,
36081061601,0,0.0,0.0,,
36081061602,0,0.0,0.0,,
36081061800,0,0.0,0.0,,
36081061900,0,0.0,0.0,,
36081062000,0,0.0,0.0,,
36081062100,0,0.0,0.0,,
36081062200,0,0.0,0.0,,
36081062300,0,0.0,0.0,,
36081062400,0,0.0,0.0,,
36081062500,0,0.0,0.0,,
36081062600,0,0.0,0.0,,
36081062700,0,0.0,0.0,,
36081062900,0,0.0,0.0,,
36081063000,0,0.0,0.0,,
36081063200,0,0.0,0.0,,
36081063301,0,0.0,0.0,,
36081063302,0,0.0,0.0,,
36081063500,0,0.0,0.0,,
36081063700,0,0.0,0.0,,
36081063800,3,11.25,0.84,3.0,0.0
36081063900,0,0.0,0.0,,
36081064101,0,0.0,0.0,,
36081064102,0,0.0,0.0,,
36081064500,0,0.0,0.0,,
36081064600,0,0.0,0.0,,
36081065000,0,0.0,0.0,,
36081065401,0,0.0,0.0,,
36081065402,0,0.0,0.0,,
36081065501,0,0.0,0.0,,
36081065600,0,0.0,0.0,,
36081065702,0,0.0,0.0,,
36081065703,0,0.0,0.0,,
36081065900,0,0.0,0.0,,
36081066000,0,0.0,0.0,,
36081066100,0,0.0,0.0,,
36081066301,0,0.0,0.0,,
36081066302,0,0.0,0.0,,
36081066401,0,0.0,0.0,,
36081066402,0,0.0,0.0,,
36081066403,2,14.79,0.45,2.0,0.0
36081066404,0,0.0,0.0,,
36081066501,0,0.0,0.0,,
36081066701,0,0.0,0.0,,
36081066900,0,0.0,0.0,,
36081067100,0,0.0,0.0,,
36081067700,0,0.0,0.0,,
36081067900,0,0.0,0.0,,
36081068000,0,0.0,0.0,,
36081068200,0,0.0,0.0,,
36081068300,0,0.0,0.0,,
36081068700,1,9.3,0.22,0.0,1.0
36081069000,0,0.0,0.0,,
36081069300,2,36.22,0.69,2.0,0.0
36081069400,0,0.0,0.0,,
36081069500,0,0.0,0.0,,
36081069701,0,0.0,0.0,,
36081069702,0,0.0,0.0,,
36081070300,0,0.0,0.0,,
36081070700,0,0.0,0.0,,
36081070900,0,0.0,0.0,,
36081071100,4,27.59,0.7,0.0,4.0
36081071303,1,18.41,0.19,1.0,0.0
36081071304,0,0.0,0.0,,
36081071305,2,38.37,0.39,0.0,2.0
36081071306,4,57.13,0.65,0.0,4.0
36081071600,0,0.0,0.0,,
36081071701,1,13.63,0.18,0.0,1.0
36081071702,0,0.0,0.0,,
36081071900,0,0.0,0.0,,
36081072100,0,0.0,0.0,,
36081072300,0,0.0,0.0,,
36081072900,1,13.37,0.67,1.0,0.0
36081073100,0,0.0,0.0,,
36081073700,4,49.19,1.76,0.0,4.0
36081073900,0,0.0,0.0,,
36081074100,0,0.0,0.0,,
36081074300,0,0.0,0.0,,
36081074500,0,0.0,0.0,,
36081074700,0,0.0,0.0,,
36081074900,0,0.0,0.0,,
36081075701,0,0.0,0.0,,
36081075702,0,0.0,0.0,,
36081076901,6,85.84,1.4,0.0,6.0
36081076902,2,51.17,1.44,0.0,2.0
36081077300,1,9.28,0.43,0.0,1.0
36081077500,1,11.29,0.45,0.0,1.0
36081077902,0,0.0,0.0,,
36081077903,0,0.0,0.0,,
36081077904,0,0.0,0.0,,
36081077905,0,0.0,0.0,,
36081077906,0,0.0,0.0,,
36081077907,0,0.0,0.0,,
36081077908,0,0.0,0.0,,
36081078800,0,0.0,0.0,,
36081079000,1,9.94,0.35,0.0,1.0
36081079200,0,0.0,0.0,,
36081079300,0,0.0,0.0,,
36081079701,0,0.0,0.0,,
36081079702,0,0.0,0.0,,
36081079900,0,0.0,0.0,,
36081080301,0,0.0,0.0,,
36081080302,0,0.0,0.0,,
36081080900,0,0.0,0.0,,
36081081400,0,0.0,0.0,,
36081081800,4,27.62,1.03,4.0,0.0
36081083700,0,0.0,0.0,,
36081083800,0,0.0,0.0,,
36081084000,1,4.56,0.15,1.0,0.0
36081084500,0,0.0,0.0,,
36081084601,0,0.0,0.0,,
36081084602,1,3.61,0.67,1.0,0.0
36081084901,0,0.0,0.0,,
36081084902,0,0.0,0.0,,
36081085300,1,13.27,0.18,1.0,0.0
36081085500,0,0.0,0.0,,
36081085700,0,0.0,0.0,,
36081085900,0,0.0,0.0,,
36081086100,0,0.0,0.0,,
36081086300,0,0.0,0.0,,
36081086400,1,2.31,0.35,1.0,0.0
36081086500,2,32.73,0.38,1.0,1.0
36081086900,0,0.0,0.0,,
36081087100,0,0.0,0.0,,
36081088400,0,0.0,0.0,,
36081088902,0,0.0,0.0,,
36081088903,0,0.0,0.0,,
36081089201,0,0.0,0.0,,
36081089202,0,0.0,0.0,,
36081090700,7,8.97,4.42,7.0,0.0
36081091602,0,0.0,0.0,,
36081091603,0,0.0,0.0,,
36081091604,0,0.0,0.0,,
36081091800,0,0.0,0.0,,
36081091900,0,0.0,0.0,,
36081092200,0,0.0,0.0,,
36081092500,0,0.0,0.0,,
36081092800,0,0.0,0.0,,
36081092900,0,0.0,0.0,,
36081093401,0,0.0,0.0,,
36081093402,0,0.0,0.0,,
36081093800,0,0.0,0.0,,
36081093900,0,0.0,0.0,,
36081094201,0,0.0,0.0,,
36081094202,0,0.0,0.0,,
36081094203,2,10.16,0.35,2.0,0.0
36081094500,0,0.0,0.0,,
36081094700,0,0.0,0.0,,
36081095400,0,0.0,0.0,,
36081096400,0,0.0,0.0,,
36081097202,0,0.0,0.0,,
36081097204,0,0.0,0.0,,
36081097205,0,0.0,0.0,,
36081097206,0,0.0,0.0,,
36081097207,0,0.0,0.0,,
36081097300,0,0.0,0.0,,
36081098100,0,0.0,0.0,,
36081098700,0,0.0,0.0,,
36081099100,0,0.0,0.0,,
36081099200,0,0.0,0.0,,
36081099701,0,0.0,0.0,,
36081099703,0,0.0,0.0,,
36081099704,0,0.0,0.0,,
36081099705,0,0.0,0.0,,
36081099801,1,5.67,0.13,1.0,0.0
36081099802,0,0.0,0.0,,
36081099900,0,0.0,0.0,,
36081100801,1,4.02,0.4,1.0,0.0
36081100803,0,0.0,0.0,,
36081100804,0,0.0,0.0,,
36081101002,0,0.0,0.0,,
36081101003,1,11.05,0.25,1.0,0.0
36081101004,2,9.08,0.3,2.0,0.0
36081101700,0,0.0,0.0,,
36081102900,0,0.0,0.0,,
36081103201,0,0.0,0.0,,
36081103202,1,3.62,0.15,1.0,0.0
36081103300,0,0.0,0.0,,
36081103900,0,0.0,0.0,,
36081104700,0,0.0,0.0,,
36081105900,0,0.0,0.0,,
36081107201,0,0.0,0.0,,
36081107202,0,0.0,0.0,,
36081108500,0,0.0,0.0,,
36081109300,0,0.0,0.0,,
36081109700,0,0.0,0.0,,
36081109900,0,0.0,0.0,,
36081111300,0,0.0,0.0,,
36081112300,0,0.0,0.0,,
36081112900,0,0.0,0.0,,
36081113300,0,0.0,0.0,,
36081113900,0,0.0,0.0,,
36081114100,0,0.0,0.0,,
36081114700,0,0.0,0.0,,
36081115100,0,0.0,0.0,,
36081115500,0,0.0,0.0,,
36081115700,1,8.23,0.28,0.0,1.0
36081115900,0,0.0,0.0,,
36081116100,0,0.0,0.0,,
36081116301,1,19.42,0.19,0.0,1.0
36081116302,0,0.0,0.0,,
36081116700,0,0.0,0.0,,
36081117100,0,0.0,0.0,,
36081117500,0,0.0,0.0,,
36081118100,0,0.0,0.0,,
36081118500,0,0.0,0.0,,
36081118700,0,0.0,0.0,,
36081118900,0,0.0,0.0,,
36081119100,0,0.0,0.0,,
36081119300,0,0.0,0.0,,
36081119500,0,0.0,0.0,,
36081119900,0,0.0,0.0,,
36081120100,0,0.0,0.0,,
36081120300,0,0.0,0.0,,
36081120500,0,0.0,0.0,,
36081120701,0,0.0,0.0,,
36081120702,0,0.0,0.0,,
36081121100,0,0.0,0.0,,
36081121500,0,0.0,0.0,,
36081122300,0,0.0,0.0,,
36081122702,0,0.0,0.0,,
36081122703,0,0.0,0.0,,
36081122704,0,0.0,0.0,,
36081124100,0,0.0,0.0,,
36081124700,0,0.0,0.0,,
36081125700,0,0.0,0.0,,
36081126500,0,0.0,0.0,,
36081126700,0,0.0,0.0,,
36081127700,0,0.0,0.0,,
36081128300,0,0.0,0.0,,
36081129102,0,0.0,0.0,,
36081129103,0,0.0,0.0,,
36081129104,0,0.0,0.0,,
36081130100,1,3.71,0.24,1.0,0.0
36081133300,0,0.0,0.0,,
36081133900,0,0.0,0.0,,
36081134100,0,0.0,0.0,,
36081134701,0,0.0,0.0,,
36081134702,0,0.0,0.0,,
36081136700,0,0.0,0.0,,
36081137700,0,0.0,0.0,,
36081138501,0,0.0,0.0,,
36081138502,0,0.0,0.0,,
36081139900,0,0.0,0.0,,
36081140300,0,0.0,0.0,,
36081140901,0,0.0,0.0,,
36081140902,0,0.0,0.0,,
36081141700,0,0.0,0.0,,
36081142900,0,0.0,0.0,,
36081143500,0,0.0,0.0,,
36081144100,0,0.0,0.0,,
36081144700,0,0.0,0.0,,
36081145101,0,0.0,0.0,,
36081145102,0,0.0,0.0,,
36081145900,0,0.0,0.0,,
36081146300,0,0.0,0.0,,
36081146700,0,0.0,0.0,,
36081147100,0,0.0,0.0,,
36081147900,0,0.0,0.0,,
36081148300,0,0.0,0.0,,
36081150701,0,0.0,0.0,,
36081150702,0,0.0,0.0,,
36081152901,0,0.0,0.0,,
36081152902,0,0.0,0.0,,
36081155101,0,0.0,0.0,,
36081155103,0,0.0,0.0,,
36081155104,2,7.33,0.55,2.0,0.0
36081156700,0,0.0,0.0,,
36081157101,0,0.0,0.0,,
36081157102,0,0.0,0.0,,
36081157901,2,5.71,0.39,2.0,0.0
36081157902,10,35.84,2.66,10.0,0.0
36081157903,3,11.7,0.67,3.0,0.0
36081161700,0,0.0,0.0,,
36081162100,0,0.0,0.0,,
36081990100,0,,0.0,,
36085000300,3,20.58,1.28,2.0,1.0
36085000600,0,0.0,0.0,,
36085000700,0,0.0,0.0,,
36085000800,2,6.48,0.32,0.0,2.0
36085000900,0,0.0,0.0,,
36085001100,0,0.0,0.0,,
36085001700,0,0.0,0.0,,
36085001800,0,0.0,0.0,,
36085002001,0,0.0,0.0,,
36085002002,0,0.0,0.0,,
36085002100,1,3.0,0.18,0.0,1.0
36085002700,0,0.0,0.0,,
36085002900,0,0.0,0.0,,
36085003300,0,0.0,0.0,,
36085003600,0,0.0,0.0,,
36085003900,0,0.0,0.0,,
36085004001,0,0.0,0.0,,
36085004002,0,0.0,0.0,,
36085004003,0,0.0,0.0,,
36085004004,0,0.0,0.0,,
36085004700,0,0.0,0.0,,
36085005000,0,0.0,0.0,,
36085005901,1,2.76,0.35,1.0,0.0
36085005902,0,0.0,0.0,,
36085006400,2,7.3,0.54,0.0,2.0
36085006700,0,0.0,0.0,,
36085007001,0,0.0,0.0,,
36085007002,0,0.0,0.0,,
36085007400,0,0.0,0.0,,
36085007500,0,0.0,0.0,,
36085007700,0,0.0,0.0,,
36085008100,3,9.63,0.62,0.0,3.0
36085009601,2,6.67,0.49,0.0,2.0
36085009602,2,8.39,0.53,0.0,2.0
36085009701,0,0.0,0.0,,
36085009702,0,0.0,0.0,,
36085010500,0,0.0,0.0,,
36085011201,1,1.61,0.17,0.0,1.0
36085011203,3,7.76,0.44,0.0,3.0
36085011204,0,0.0,0.0,,
36085011401,3,14.75,0.92,0.0,3.0
36085011402,5,22.36,1.34,0.0,5.0
36085012100,1,3.49,0.31,0.0,1.0
36085012200,9,28.16,2.29,0.0,9.0
36085012500,0,0.0,0.0,,
36085012804,1,2.89,0.22,0.0,1.0
36085012805,0,0.0,0.0,,
36085012806,4,7.85,0.6,0.0,4.0
36085013201,0,0.0,0.0,,
36085013203,0,0.0,0.0,,
36085013204,0,0.0,0.0,,
36085013301,0,0.0,0.0,,
36085013302,0,0.0,0.0,,
36085013400,0,0.0,0.0,,
36085013800,0,0.0,0.0,,
36085014100,0,0.0,0.0,,
36085014604,0,0.0,0.0,,
36085014605,0,0.0,0.0,,
36085014606,0,0.0,0.0,,
36085014607,0,0.0,0.0,,
36085014608,0,0.0,0.0,,
36085014700,0,0.0,0.0,,
36085015100,0,0.0,0.0,,
36085015400,0,0.0,0.0,,
36085015601,0,0.0,0.0,,
36085015602,0,0.0,0.0,,
36085015603,0,0.0,0.0,,
36085016901,1,3.15,0.31,1.0,0.0
36085017005,0,0.0,0.0,,
36085017007,0,0.0,0.0,,
36085017009,0,0.0,0.0,,
36085017011,0,0.0,0.0,,
36085017012,0,0.0,0.0,,
36085017013,0,0.0,0.0,,
36085017014,0,0.0,0.0,,
36085017015,0,0.0,0.0,,
36085017016,0,0.0,0.0,,
36085017300,0,0.0,0.0,,
36085017600,0,0.0,0.0,,
36085017701,0,0.0,0.0,,
36085017702,0,0.0,0.0,,
36085018100,2,1.0,0.56,0.0,2.0
36085018701,2,13.45,1.09,2.0,0.0
36085018703,0,0.0,0.0,,
36085018704,0,0.0,0.0,,
36085018901,0,0.0,0.0,,
36085018902,0,0.0,0.0,,
36085019700,0,0.0,0.0,,
36085019800,0,0.0,0.0,,
36085020100,0,0.0,0.0,,
36085020701,0,0.0,0.0,,
36085020702,0,0.0,0.0,,
36085020803,0,0.0,0.0,,
36085020804,0,0.0,0.0,,
36085020805,0,0.0,0.0,,
36085020806,0,0.0,0.0,,
36085021300,0,0.0,0.0,,
36085022300,0,0.0,0.0,,
36085022601,0,0.0,0.0,,
36085022602,0,0.0,0.0,,
36085022801,0,0.0,0.0,,
36085022802,0,0.0,0.0,,
36085023100,0,0.0,0.0,,
36085023900,0,0.0,0.0,,
36085024401,0,0.0,0.0,,
36085024402,0,0.0,0.0,,
36085024700,2,10.79,0.69,2.0,0.0
36085024800,0,0.0,0.0,,
36085025100,0,0.0,0.0,,
36085027301,0,0.0,0.0,,
36085027302,0,0.0,0.0,,
36085027702,0,0.0,0.0,,
36085027704,0,0.0,0.0,,
36085027705,0,0.0,0.0,,
36085027706,0,0.0,0.0,,
36085027900,0,0.0,0.0,,
36085029102,0,0.0,0.0,,
36085029104,0,0.0,0.0,,
36085029105,0,0.0,0.0,,
36085029106,0,0.0,0.0,,
36085030301,0,0.0,0.0,,
36085030302,0,0.0,0.0,,
36085031901,0,0.0,0.0,,
36085031902,0,0.0,0.0,,
36085032300,0,0.0,0.0,,
36085990100,0,,0.0,,
